DÉPARTEMENT,COMMUNES,LIEU DE VOTE,N°,ÉLECTEURS,IMPLANTATION
DAGANA,DAGANA,ECOLE ALGOR DIOUM,01,597,CLASSE CM2A
DAGANA,DAGANA,ECOLE ALGOR DIOUM,02,594,CLASSE CM1A
DAGANA,DAGANA,ECOLE ALGOR DIOUM,03,595,CLASSE CE2B
DAGANA,DAGANA,ECOLE ALGOR DIOUM,04,595,CLASSE CE1A
DAGANA,DAGANA,ECOLE ALGOR DIOUM,05,598,CLASSE CPA
DAGANA,DAGANA,ECOLE ALGOR DIOUM,06,594,CLASSE CIA
DAGANA,DAGANA,ECOLE ALGOR DIOUM,07,584,CLASSE CE2 A
DAGANA,DAGANA,ECOLE ALGOR DIOUM,08,588,CLASSE CM1 B
DAGANA,DAGANA,ECOLE ALGOR DIOUM,09,585,CLASSE CE1 B
DAGANA,DAGANA,ECOLE ALGOR DIOUM,10,587,CLASSE CM2 B
DAGANA,DAGANA,ECOLE ALGOR DIOUM,11,564,SALLE DE CLASSE
DAGANA,DAGANA,ECOLE ALIOUNE SARR,01,596,CLASSE CM2A
DAGANA,DAGANA,ECOLE ALIOUNE SARR,02,596,CLASSE CM1A
DAGANA,DAGANA,ECOLE ALIOUNE SARR,03,594,CLASSECE2B
DAGANA,DAGANA,ECOLE ALIOUNE SARR,04,362,CLASSE CE2 B
DAGANA,DAGANA,ECOLE ALIOUNE SARR,05,362,CLASSE CE2 A
DAGANA,DAGANA,ECOLE ALIOUNE SARR,06,362,CLASSE CE1 A
DAGANA,DAGANA,ECOLE ALIOUNE SARR,07,361,CLASSE CE1 B
DAGANA,DAGANA,ECOLE ALIOUNE SOW MBANA,01,555,CLASSE CM2A
DAGANA,DAGANA,ECOLE ALIOUNE SOW MBANA,02,553,CLASSE CM1A
DAGANA,DAGANA,ECOLE ALIOUNE SOW MBANA,03,554,CLASSE CE2B
DAGANA,DAGANA,ECOLE ALIOUNE SOW MBANA,04,553,CLASSE CM2 B
DAGANA,DAGANA,ECOLE ALIOUNE SOW MBANA,05,546,CLASSE CE1 B
DAGANA,DAGANA,ECOLE MEDINA CHERIF,01,488,CLASSE CM2
DAGANA,DAGANA,ECOLE MEDINA CHERIF,02,488,CLASSE CE1
DAGANA,DAGANA,LYCEE ALPHA MAYORO WELLE,01,580,LYCEE A. MAYORO WELLE SALLE 1
DAGANA,DAGANA,LYCEE ALPHA MAYORO WELLE,02,579,SALLE 3
DAGANA,DAGANA,LYCEE ALPHA MAYORO WELLE,03,580,SALLE 5
DAGANA,DAGANA,LYCEE ALPHA MAYORO WELLE,04,579,SALLE 7
DAGANA,DAGANA,LYCEE ALPHA MAYORO WELLE,05,580,SALLE 9
DAGANA,DAGANA,LYCEE ALPHA MAYORO WELLE,06,579,SALLE 11
DAGANA,DAGANA,LYCEE ALPHA MAYORO WELLE,07,163,SALLE 2
DAGANA,GAE,GAE,01,537,CLASSE CI A
DAGANA,GAE,GAE,02,535,CLASSE CE1 B
DAGANA,GAE,GAE,03,533,CLASSE CE2 B
DAGANA,GAE,GAE,04,535,CLASSE CM1 A
DAGANA,GAE,GAE,05,526,CLASSE CM1 B
DAGANA,GAE,GAE,06,535,CLASSE CM2 A
DAGANA,GAE,GAE,07,535,CLASSE CM2 B
DAGANA,GAE,GAE,08,533,CLASSE CE 2 A
DAGANA,GAE,GAE,09,533,CLASSE CE1 A
DAGANA,GAE,GOUMEL,01,134,CLASSE CE 1
DAGANA,GAE,NDIAREME,01,576,CLASSE CI
DAGANA,GAE,NDIAREME,02,577,CLASSE CP
DAGANA,NDOMBO SANDJIRY,DIAMEGUEUNE,01,420,ABRI PROVISOIRE
DAGANA,NDOMBO SANDJIRY,NDOMBO,01,540,CLASSE CP
DAGANA,NDOMBO SANDJIRY,NDOMBO,02,538,CLASSE CE 1
DAGANA,NDOMBO SANDJIRY,NDOMBO,03,539,CLASSE CM 1
DAGANA,NDOMBO SANDJIRY,NDOMBO,04,541,CLASSE CM 2
DAGANA,NDOMBO SANDJIRY,NDOMBO,05,540,CLASSE CE2
DAGANA,RICHARD TOLL,ECOLE CAMPEMENT 1,01,537,CLASSE CM2
DAGANA,RICHARD TOLL,ECOLE CAMPEMENT 1,02,537,CLASSECM1
DAGANA,RICHARD TOLL,ECOLE CAMPEMENT 1,03,538,CLASSE CE2 B
DAGANA,RICHARD TOLL,ECOLE CAMPEMENT 1,04,516,CLASSE CM2 B
DAGANA,RICHARD TOLL,ECOLE DIACKSAO,01,521,CLASSE CM2
DAGANA,RICHARD TOLL,ECOLE DIACKSAO,02,126,CLASSE CE2
DAGANA,RICHARD TOLL,ECOLE GALLO MALICK,01,592,CLASSE CM2A
DAGANA,RICHARD TOLL,ECOLE GALLO MALICK,02,595,CLASSE CM1A
DAGANA,RICHARD TOLL,ECOLE GALLO MALICK,03,590,CLASSE CM1B
DAGANA,RICHARD TOLL,ECOLE GALLO MALICK,04,591,CLASSE CM2B
DAGANA,RICHARD TOLL,ECOLE GALLO MALICK,05,597,CLASSE CE3A
DAGANA,RICHARD TOLL,ECOLE GAYA 2,01,596,CLASSE CM2
DAGANA,RICHARD TOLL,ECOLE GAYA 2,02,593,CLASSE CM1
DAGANA,RICHARD TOLL,ECOLE GAYA 2,03,563,CLASSE  CE2 A
DAGANA,RICHARD TOLL,ECOLE KHOUMA,01,387,CLASSE CM2A
DAGANA,RICHARD TOLL,ECOLE KHOUMA,02,388,CLASSE CM1A
DAGANA,RICHARD TOLL,ECOLE KHOUMA,03,390,CLASSE CM1B
DAGANA,RICHARD TOLL,ECOLE KHOUMA,04,391,CLASSE CM2B
DAGANA,RICHARD TOLL,ECOLE KHOUMA,05,387,CLASSE CE3A
DAGANA,RICHARD TOLL,ECOLE KHOUMA MBODIENE,01,553,CLASSE CM2A
DAGANA,RICHARD TOLL,ECOLE KHOUMA MBODIENE,02,548,CLASSE CM1A
DAGANA,RICHARD TOLL,ECOLE KHOUMA MBODIENE,03,353,CLASSE CPB
DAGANA,RICHARD TOLL,ECOLE KHOUMA THIARENE,01,599,CLASSE CM2A
DAGANA,RICHARD TOLL,ECOLE KHOUMA THIARENE,02,599,CLASSE CM1A
DAGANA,RICHARD TOLL,ECOLE KHOUMA THIARENE,03,599,CLASSE CM2B
DAGANA,RICHARD TOLL,ECOLE KHOUMA THIARENE,04,600,CLASSE CE2
DAGANA,RICHARD TOLL,ECOLE KHOUMA THIARENE,05,599,CLASSE CM1B
DAGANA,RICHARD TOLL,ECOLE KHOUMA THIARENE,06,418,ABRI PROVISOIRE
DAGANA,RICHARD TOLL,ECOLE KHOUMA THIARENE,07,468,ABRI PROVISOIRE
DAGANA,RICHARD TOLL,ECOLE NDIANGUE,01,577,CLASSE CM2A
DAGANA,RICHARD TOLL,ECOLE NDIANGUE,02,576,CLASSE CM1A
DAGANA,RICHARD TOLL,ECOLE NDIANGUE,03,574,CLASSE CE2B
DAGANA,RICHARD TOLL,ECOLE NDIANGUE,04,577,CLASSE CE2A
DAGANA,RICHARD TOLL,ECOLE NDIANGUE,05,537,CLASSE CM1 A
DAGANA,RICHARD TOLL,ECOLE NDIAO,01,587,CLASSE CM2A
DAGANA,RICHARD TOLL,ECOLE NDIAO,02,587,CLASSE CM1A
DAGANA,RICHARD TOLL,ECOLE NDIAO,03,587,CLASSE CE2B
DAGANA,RICHARD TOLL,ECOLE NDIAO,04,587,CLASSE CM1 B
DAGANA,RICHARD TOLL,ECOLE NDOMBO ALARBA,01,345,CLASSE CM2A
DAGANA,RICHARD TOLL,ECOLE NDOMBO ALARBA,02,348,CLASSE CM1A
DAGANA,RICHARD TOLL,ECOLE RICHARD TOLL 1,01,558,CLASSE CM2A
DAGANA,RICHARD TOLL,ECOLE RICHARD TOLL 1,02,561,CLASSE CM1A
DAGANA,RICHARD TOLL,ECOLE RICHARD TOLL 1,03,561,CLASSE CM1B
DAGANA,RICHARD TOLL,ECOLE RICHARD TOLL 1,04,555,CLASSE CM2B
DAGANA,RICHARD TOLL,ECOLE RICHARD TOLL 1,05,558,CLASSE CE3A
DAGANA,RICHARD TOLL,ECOLE RICHARD TOLL 1,06,559,CLASSE CE1A
DAGANA,RICHARD TOLL,ECOLE RICHARD TOLL 1,07,559,CLASSE CE2B
DAGANA,RICHARD TOLL,ECOLE RICHARD TOLL 1,08,561,CLASSE CP
DAGANA,RICHARD TOLL,ECOLE RICHARD TOLL 1,09,555,CLASSE CIA
DAGANA,RICHARD TOLL,ECOLE RICHARD TOLL 3,01,593,CLASSE CE2B
DAGANA,RICHARD TOLL,ECOLE RICHARD TOLL 3,02,597,CLASSE CM2A
DAGANA,RICHARD TOLL,ECOLE RICHARD TOLL 3,03,600,CLASSE CM1A
DAGANA,RICHARD TOLL,ECOLE RICHARD TOLL 3,04,596,CLASSE CE2A
DAGANA,RICHARD TOLL,ECOLE RICHARD TOLL 3,05,590,CLASSE CE1 A
DAGANA,RICHARD TOLL,ECOLE RICHARD TOLL 3,06,596,CLASSECE1 B
DAGANA,RICHARD TOLL,ECOLE RICHARD TOLL 3,07,97,CLASSE CI
DAGANA,RICHARD TOLL,ECOLE RICHARD TOLL 4,01,459,CLASSE CM2
DAGANA,RICHARD TOLL,ECOLE RICHARD TOLL 4,02,453,CLASSE CM1
DAGANA,ROSS BETHIO,ECOLE ROSS BETHIO,01,592,CLASSE CE 2
DAGANA,ROSS BETHIO,ECOLE ROSS BETHIO,02,588,CLASSE CI A
DAGANA,ROSS BETHIO,ECOLE ROSS BETHIO,03,590,CLASSE CM2 A
DAGANA,ROSS BETHIO,ECOLE ROSS BETHIO,04,589,CLASSE CM2 B
DAGANA,ROSS BETHIO,ECOLE ROSS BETHIO,05,590,CLASSE CM 1
DAGANA,ROSS BETHIO,ECOLE ROSS BETHIO,06,588,CLASSE CI B
DAGANA,ROSS BETHIO,ECOLE ROSS BETHIO,07,468,CLASSE CM1 B
DAGANA,ROSS BETHIO,ECOLE SANTHIABA,01,475,CLASSE CE 2
DAGANA,ROSS BETHIO,ECOLE SANTHIABA,02,477,CLASSE CI
DAGANA,ROSS BETHIO,ECOLE SANTHIABA,03,477,CLASSE CE 1
DAGANA,ROSS BETHIO,NDIORNO,01,577,CLASSE CM2 B
DAGANA,ROSS BETHIO,NDIORNO,02,581,CLASSE CE 2
DAGANA,ROSS BETHIO,NDIORNO,03,90,CLASSE CM1 A
DAGANA,ROSS BETHIO,ODABE NAWAR 2,01,234,CLASSE CP
DAGANA,ROSS BETHIO,RAYNABE 1,01,563,CLASSE CE 2
DAGANA,ROSSO SENEGAL,CROISEMENT,01,179,ABRI PROVISOIRE
DAGANA,ROSSO SENEGAL,ECOLE ROSSO 1,01,590,CLASSE CM 2
DAGANA,ROSSO SENEGAL,ECOLE ROSSO 1,02,588,CLASSE CM 1
DAGANA,ROSSO SENEGAL,ECOLE ROSSO 1,03,588,CLASSE CE 2
DAGANA,ROSSO SENEGAL,ECOLE ROSSO 1,04,588,CLASSE CI
DAGANA,ROSSO SENEGAL,ECOLE ROSSO 1,05,533,CLASSE CM2 B
DAGANA,ROSSO SENEGAL,ECOLE ROSSO 2,01,594,CLASSE CM2
DAGANA,ROSSO SENEGAL,ECOLE ROSSO 2,02,595,CLASSE CM 1
DAGANA,ROSSO SENEGAL,ECOLE ROSSO 2,03,595,CLASSE CE 2
DAGANA,ROSSO SENEGAL,ECOLE ROSSO 2,04,593,CLASSE CI
DAGANA,ROSSO SENEGAL,ECOLE ROSSO 2,05,531,CLASSE CM2 B
DAGANA,ROSSO SENEGAL,ECOLE ROSSO 3,01,491,CLASSE CM 2
DAGANA,ROSSO SENEGAL,ECOLE ROSSO 3,02,490,CLASSE CM 1
DAGANA,ROSSO SENEGAL,ECOLE ROSSO 3,03,452,CLASSE CP A
DAGANA,ROSSO SENEGAL,MBAGAM,01,556,CLASSE CM 1
DAGANA,ROSSO SENEGAL,MBAGAM,02,556,CLASSE CE 1
DAGANA,ROSSO SENEGAL,MBAGAM,03,397,CLASSE CI
DAGANA,ROSSO SENEGAL,NDIANDIOU,01,106,ABRI PROVISOIRE
DAGANA,BOKHOL,ARRIVELE 1,01,400,ABRI PROVISOIRE
DAGANA,BOKHOL,ARRIVELE 2,01,125,CLASSE CE1
DAGANA,BOKHOL,BELEL GAOUDI,01,495,ABRI PROVISOIRE
DAGANA,BOKHOL,BELEL HARMANABE,01,122,ABRI RPOVISOIRE
DAGANA,BOKHOL,BOKHOL,01,596,CLASSE CI
DAGANA,BOKHOL,BOKHOL,02,596,CLASSE CE 1
DAGANA,BOKHOL,BOKHOL,03,589,CLASSE CM 1
DAGANA,BOKHOL,BOKHOL,04,594,CLASSE CM 2
DAGANA,BOKHOL,BOKHOL,05,599,CLASSE CE1 A
DAGANA,BOKHOL,BOKHOL,06,273,CLASSE CP
DAGANA,BOKHOL,DAR ES SALAM,01,195,CLSSE CI
DAGANA,BOKHOL,DIAVALEDJI,01,84,ABRI PROVISOIRE
DAGANA,BOKHOL,ECOLE KEUR MBAYE 2,01,107,CLASSE CM2
DAGANA,BOKHOL,ECOLE NGAMBOU THILLE,01,88,CLASSE CE1
DAGANA,BOKHOL,GALLODJINA 1,01,444,CLASSE CI
DAGANA,BOKHOL,GUEUM YALLA,01,209,CLASSE CM 1
DAGANA,BOKHOL,GUIDAKHAR,01,277,CLASSE CP
DAGANA,BOKHOL,GUIDAKHAR,02,280,SALLE DE CLASSE
DAGANA,BOKHOL,KEUR MALAL TALAB,01,451,CLASSE CE2
DAGANA,BOKHOL,KEUR MBAYE 1,01,376,CLASSE CE 2
DAGANA,BOKHOL,KEUR MBAYE NDIOGOU,01,217,ABRI PROVISOIRE
DAGANA,BOKHOL,KEUR MBAYE PEULH,01,254,CLASSE CP
DAGANA,BOKHOL,KEUR MOR IBRA,01,144,ABRI PROVISOIRE
DAGANA,BOKHOL,KHARE,01,330,CLASSE CP
DAGANA,BOKHOL,LOUMBOUL SOUMANABE,01,278,ABRI PROVISOIRE
DAGANA,BOKHOL,MBILOR,01,357,CLASSE CE 1
DAGANA,BOKHOL,MBILOR,02,357,CLASSE CE 2
DAGANA,BOKHOL,MERY,01,172,CLASSE CE 1
DAGANA,BOKHOL,MERY,02,171,CLASSE CM 1
DAGANA,BOKHOL,NDIODOUNE,01,74,ABRI PROVISOIRE
DAGANA,BOKHOL,SOVONABE 2,01,94,ABRI PROVISOIRE
DAGANA,BOKHOL,SOVONABE VENDOU FANDOU,01,104,ABRI PROVISOIRE
DAGANA,BOKHOL,TOUCOULEUR DJIDIERI,01,321,CLASSE CE 1
DAGANA,BOKHOL,VINDOU FANDOU SAM,01,77,ABRI PROVISOIRE
DAGANA,MBANE,BADJINCOBE VIDODJI,01,451,CLASSE CP
DAGANA,MBANE,BISNABE BOUTEYNI,01,326,CLASSE CI
DAGANA,MBANE,BISNABE BOUTEYNI,02,325,CLASSE CP
DAGANA,MBANE,BISNABE DIAPOBE,01,270,ABRI PROVISOIRE
DAGANA,MBANE,BISNABE PENDA YAYAKE,01,316,CLASSE CP
DAGANA,MBANE,DIAGLE,01,403,CLASSE CI
DAGANA,MBANE,DIAGLE,02,406,CLASSE CP
DAGANA,MBANE,DIALBANABE BELI NAMARI,01,396,CLASSE CI
DAGANA,MBANE,DIAM DIAYRE,01,150,CLASSE CP
DAGANA,MBANE,DIASSARNABE NDIACK FALL,01,162,ABRI PROVISOIRE
DAGANA,MBANE,FOSS NDIAKHAYE 1,01,248,ABRI PROVISOIRE
DAGANA,MBANE,GANKETTE PENDA YAYAKE,01,80,ABRI PROVISOIRE
DAGANA,MBANE,MAPOUDJI,01,282,CLASSE CE 1
DAGANA,MBANE,MBANE,01,562,CLASSE CI
DAGANA,MBANE,MBANE,02,565,CLASSE CP
DAGANA,MBANE,MBANE,03,566,CLASSE CM 1
DAGANA,MBANE,MBELOGNE VIDODJI,01,282,ABRI PROVISOIRE
DAGANA,MBANE,MEDINA BAIDY,01,417,ABRI PROVISOIRE
DAGANA,MBANE,NDIAKHAYE,01,548,CLASSE CE 1
DAGANA,MBANE,NIASSANTE,01,420,CLASSE CI
DAGANA,MBANE,NIASSANTE,02,416,CLASSE CP
DAGANA,MBANE,NIASSANTE,03,416,SODESP
DAGANA,MBANE,OULAD BERI,01,168,ABRI PROVISOIRE
DAGANA,MBANE,PAMPINABE 1,01,289,ABRI PROVISOIRE
DAGANA,MBANE,SAGOBE,01,145,CLASSE CP
DAGANA,MBANE,SANINTE TACK,01,216,ABRI PROVISOIRE
DAGANA,MBANE,SARE LAMOU,01,492,CLASSE CP
DAGANA,MBANE,SINGOU DIERI,01,399,CLASSE CP
DAGANA,MBANE,SOVONABE NIARY,01,444,CLASSE CE 1
DAGANA,MBANE,SOVONABE PATHE BADIO,01,431,CLASSE CP
DAGANA,MBANE,SOVONABE PATHE BADIO,02,432,CLASSE CE 1
DAGANA,MBANE,TEMEYE,01,387,CASE DE SANTE
DAGANA,MBANE,TEMEYE LEWA,01,551,CLASSE CI
DAGANA,MBANE,TETHIANE MALAL,01,454,ABRI PROVISOIRE
DAGANA,MBANE,THIAGO,01,523,CLASSE CP
DAGANA,MBANE,THIAGO,02,520,CLASSE CE 1
DAGANA,MBANE,WEYNDOU SAMBA,01,459,CLASSE CE 1
DAGANA,MBANE,YELOUR,01,325,CLASSE CI
DAGANA,DIAMA,AL WATHIAM,01,227,CLASSE CI
DAGANA,DIAMA,ASSITOYE,01,252,ABRI PROVISOIRE
DAGANA,DIAMA,DEBI,01,411,CLASSE CE 1
DAGANA,DIAMA,DEBI,02,407,CLASSE CM 1
DAGANA,DIAMA,DEMIZINE,01,222,CLASSE CI
DAGANA,DIAMA,DIADIAM 1,01,309,CLASSE CE 2
DAGANA,DIAMA,DIADIAM 3,01,233,CLASSE CI
DAGANA,DIAMA,DIAGAMBAL 1,01,416,CLASSE CI
DAGANA,DIAMA,DIAGAMBAL 1,02,415,CLASSE CM 2
DAGANA,DIAMA,DIAGAMBAL 2,01,398,CLASSE CI
DAGANA,DIAMA,DIAMA YALAR,01,580,CLASSE CI
DAGANA,DIAMA,DIAMA YALAR,02,582,CLASSE CM 1
DAGANA,DIAMA,DIAMA YALAR,03,453,CLASSE CE2
DAGANA,DIAMA,ECOLE GANDIAYE,01,224,ECOLE GANDIAYE PEUL
DAGANA,DIAMA,ECOLE MBOLTOGNE,01,170,CLASSE CM2
DAGANA,DIAMA,ECOLE PONT GENDARME,01,199,CLASSE CM2
DAGANA,DIAMA,ECOLE SAVOIGNE PEULH,01,328,CLASSE CM1
DAGANA,DIAMA,EL DEBOUBACK 1,01,528,CLASSE CI
DAGANA,DIAMA,EL DEBOUBACK 2,01,165,CLASSE CP
DAGANA,DIAMA,EL NGOURANE 1,01,213,ABRI PROVISOIRE
DAGANA,DIAMA,MBOUBENE PEULH,01,267,CLASSE CM2
DAGANA,DIAMA,MBOUNDOUM BARRAGE,01,585,CLASSE CE 2
DAGANA,DIAMA,MBOUNDOUM BARRAGE,02,589,CLASSE CP 2
DAGANA,DIAMA,MBOUNDOUM BARRAGE,03,585,CLASSE CM 1
DAGANA,DIAMA,NDELLE,01,452,CLASSE CP 2
DAGANA,DIAMA,NDELLE,02,452,CLASSE CM 1
DAGANA,DIAMA,NDIAYE NGUINT,01,508,CLASSE CE 1
DAGANA,DIAMA,NDIAYE NGUINT,02,507,CLASSE CE 2
DAGANA,DIAMA,NDIOL MAURE,01,322,CLASSE CP 2
DAGANA,DIAMA,NDIOL MAURE,02,322,CLASSE CM 1
DAGANA,DIAMA,NDIOUNGUE MBERESSE,01,317,CLASSE CM2 A
DAGANA,DIAMA,NDIOUNGUE MBERESSE,02,317,CLASSE CE 1
DAGANA,DIAMA,NIASSENE,01,356,CLASSE CM 1
DAGANA,DIAMA,NIASSENE,02,347,CLASSE CI
DAGANA,DIAMA,ODABE NAWAR 1,01,265,CASE SANTE
DAGANA,DIAMA,OUMARNABE NGUINT,01,85,CLASSE CM1
DAGANA,DIAMA,OURO L ISLAM,01,129,CLASSE CE 1
DAGANA,DIAMA,PEULH DIOSS,01,458,CLASSE CI
DAGANA,DIAMA,PEULH DIOSS,02,215,CLASSE CM1
DAGANA,DIAMA,POLO,01,424,CLASSE CE2
DAGANA,DIAMA,RAYNABE 2,01,168,CLASE SANTE
DAGANA,DIAMA,SAVOIGNE PIONNIERS,01,360,CLASSE CE 1
DAGANA,DIAMA,SAVOIGNE PIONNIERS,02,358,CLASSE CM 1
DAGANA,DIAMA,SAVOIGNE PIONNIERS,03,252,CLASSE CM2
DAGANA,DIAMA,TABA DAROUSSALAM 1,01,358,CLASSE CP 2
DAGANA,DIAMA,TABA TACHE,01,315,CLASSE CI
DAGANA,DIAMA,TABA TACHE,02,311,CLASSE CE1
DAGANA,DIAMA,TABA TREICH,01,408,CLASSE CP 2
DAGANA,DIAMA,THILENE,01,286,CLASSE CM 1
DAGANA,DIAMA,THILENE,02,297,CLASSE CM 2
DAGANA,DIAMA,THILENE,03,293,CLASSE CE1
DAGANA,DIAMA,TIGUET,01,438,CLASSE CP 2
DAGANA,GNITH,DIALBANABE,01,334,ABRI PROVISOIRE
DAGANA,GNITH,DIALBANABE,02,328,ABRI PROVISOIRE
DAGANA,GNITH,DIOKHOR 1,01,362,CLASSE CE 2
DAGANA,GNITH,DIOKHOR 1,02,364,CLASSE CI
DAGANA,GNITH,DIOKHOR 2,01,549,CLASSE CP 2
DAGANA,GNITH,DIOKHOR 2,02,199,CLASSE CE2
DAGANA,GNITH,ECOLE TEIDIEL TOUCOULEUR,01,107,CLASSE CM1
DAGANA,GNITH,ECOLE THIEDEME PEULH,01,109,ECOLE CORANIQUE
DAGANA,GNITH,GADE NDIEYENE,01,469,ABRI PROVISOIRE
DAGANA,GNITH,GNITH,01,554,CLASSE CP 2
DAGANA,GNITH,GNITH,02,552,CLASSE CM 1
DAGANA,GNITH,GNITH,03,547,CLASSE CI
DAGANA,GNITH,GNITH,04,548,CLASSE CE1
DAGANA,GNITH,GOGNO FALL,01,119,ABRI PROVISOIRE
DAGANA,GNITH,MALLA,01,261,CLASSE CP 2
DAGANA,GNITH,MBAYENE,01,438,CLASSE CI
DAGANA,GNITH,MBAYENE,02,271,CLASSE CE1
DAGANA,GNITH,NDER,01,580,CLASSE CP 2
DAGANA,GNITH,NDOGAL TEIDIEL,01,403,CLASSE CE1
DAGANA,GNITH,NDOUROUNABE DIAGANE 1,01,189,ABRI PROVISOIRE
DAGANA,GNITH,ODABE POUROGNE,01,576,CASE SANTE
DAGANA,GNITH,ODABE POUROGNE,02,42,ABRI PROVISOIRE
DAGANA,GNITH,PEULH SINE,01,60,ABRI PROVISOIRE
DAGANA,GNITH,YAMANE,01,437,CLASSE CI
DAGANA,RONKH,BOUNTOU BACK,01,198,CLASSE CI
DAGANA,RONKH,COLONNA DIT BALKI,01,205,CLASSE CI
DAGANA,RONKH,COLONNA DIT BALKI,02,208,CLASSE CP 2
DAGANA,RONKH,DIAWAR,01,440,CLASSE CE 2
DAGANA,RONKH,DIAWAR,02,442,CLASSE CM 1
DAGANA,RONKH,DIAWAR,03,438,CLASSE CM2 A
DAGANA,RONKH,KASSACK NORD,01,414,CLASSE CI
DAGANA,RONKH,KASSACK NORD,02,417,CLASSE CE2
DAGANA,RONKH,KASSACK SUD,01,390,CLASSE CI
DAGANA,RONKH,KHEUNE,01,550,CLASSE CP 2
DAGANA,RONKH,KHOR,01,383,CLASSE CP 2
DAGANA,RONKH,LOUGUEDEMISS,01,201,ABRI PROVISOIRE
DAGANA,RONKH,MBOUNDOUM EST,01,224,CLASSE CI
DAGANA,RONKH,NADIEL,01,397,CLASSE CI
DAGANA,RONKH,NDIETENE,01,524,CLASSE CE 2
DAGANA,RONKH,NDIETENE,02,523,CLASSE CI
DAGANA,RONKH,OUROURBE NDAYTI 1,01,263,CLASSE CI
DAGANA,RONKH,OUROURBE NDAYTI 3,01,208,CLASSE CP 2
DAGANA,RONKH,PAKH,01,406,CLASSE CE 1
DAGANA,RONKH,RONKH,01,583,CLASSE CM 1
DAGANA,RONKH,RONKH,02,588,CLASSE CI A
DAGANA,RONKH,RONKH,03,582,CLASSE CE 2
DAGANA,RONKH,RONKH,04,588,CLASSE CM 1A
DAGANA,RONKH,RONKH,05,72,CLASSE CM1 B
DAGANA,RONKH,THIAGAR,01,410,CLASSE CI
DAGANA,RONKH,THIAGAR,02,406,CLASSE CE 1
DAGANA,RONKH,WASSOUL,01,522,CLASSE CP 2
PODOR,AERE LAO,AERE LAO,01,556,CLASSE CP1
PODOR,AERE LAO,AERE LAO,02,554,CLASSE CP2
PODOR,AERE LAO,AERE LAO,03,559,CLASSE CP2
PODOR,AERE LAO,AERE LAO,04,560,CLASSE CM1
PODOR,AERE LAO,AERE LAO,05,552,CLASSE CE2
PODOR,AERE LAO,AERE LAO,06,560,CLASSE CE1
PODOR,AERE LAO,AERE LAO,07,521,CM2
PODOR,AERE LAO,AERE LAO,08,410,CLASSE CM1 B
PODOR,AERE LAO,AERE MBAYBE,01,600,CI B
PODOR,AERE LAO,AERE MBAYBE,02,600,CM2
PODOR,AERE LAO,AERE MBAYBE,03,600,CE 1 A
PODOR,AERE LAO,AERE MBAYBE,04,600,CI A
PODOR,AERE LAO,AERE MBAYBE,05,600,CLASSE CM1
PODOR,AERE LAO,AERE MBAYBE,06,552,CE2 A
PODOR,AERE LAO,AERE MBAYBE,07,379,CLASSE CE2
PODOR,AERE LAO,AERE MBAYBE,08,397,CLASSE CI A
PODOR,BODE LAO,BODE LAO,01,577,CLASSE CE2
PODOR,BODE LAO,BODE LAO,02,576,CLASSE CE1
PODOR,BODE LAO,BODE LAO,03,452,CM 2
PODOR,DEMETTE,ECOLE DEMETTE,01,596,CI B
PODOR,DEMETTE,ECOLE DEMETTE,02,597,CM 1
PODOR,DEMETTE,ECOLE DEMETTE,03,596,CM2
PODOR,DEMETTE,ECOLE DEMETTE,04,404,CE2 A
PODOR,DEMETTE,ECOLE DEMETTE,05,404,CE2 B
PODOR,GALOYA TOUCOULEUR,GALOYA TOUCOULEUR,01,588,SALLE DE CLASSE CE1 A
PODOR,GALOYA TOUCOULEUR,GALOYA TOUCOULEUR,02,585,SALLE DE CLASSE CE2 A
PODOR,GALOYA TOUCOULEUR,GALOYA TOUCOULEUR,03,585,SALLE DE CLASSE CE2 B
PODOR,GALOYA TOUCOULEUR,GALOYA TOUCOULEUR,04,588,SALLE DE CLASSE CM1 A
PODOR,GALOYA TOUCOULEUR,GALOYA TOUCOULEUR,05,585,SALLE DE CLASSE CM2 B
PODOR,GALOYA TOUCOULEUR,GALOYA TOUCOULEUR,06,586,SALLE DE CLASSE CM2 A
PODOR,GALOYA TOUCOULEUR,GALOYA TOUCOULEUR,07,528,CLASSE CI A
PODOR,GOLLERE,GOLLERE,01,592,ECOLE GOLLERE 1 SALLE CM 2 A
PODOR,GOLLERE,GOLLERE,02,596,ECOLE GOLLERE 1 SALLE CM 1 A
PODOR,GOLLERE,GOLLERE,03,595,ECOLE GOLLERE 1 SALLE CE 2 A
PODOR,GOLLERE,GOLLERE,04,596,CP A
PODOR,GOLLERE,GOLLERE,05,594,CE1 A
PODOR,GOLLERE,GOLLERE,06,444,CM2 A
PODOR,GOLLERE,GOLLERE,07,443,CM2 B
PODOR,GUEDE CHANTIER,ECOLE GUEDE CHANTIER,01,551,CM2 B
PODOR,GUEDE CHANTIER,ECOLE GUEDE CHANTIER,02,551,CE1 A
PODOR,GUEDE CHANTIER,ECOLE GUEDE CHANTIER,03,550,CM1 A
PODOR,GUEDE CHANTIER,ECOLE GUEDE CHANTIER,04,550,CM1 B
PODOR,GUEDE CHANTIER,ECOLE GUEDE CHANTIER,05,532,CE2 B
PODOR,MBOUMBA,ECOLE MBOUMBA,01,595,CP A
PODOR,MBOUMBA,ECOLE MBOUMBA,02,593,CP B
PODOR,MBOUMBA,ECOLE MBOUMBA,03,589,CE 1 A
PODOR,MBOUMBA,ECOLE MBOUMBA,04,594,CE1 B
PODOR,MBOUMBA,ECOLE MBOUMBA,05,592,CE1 C
PODOR,MBOUMBA,ECOLE MBOUMBA,06,201,CLASSE CM1 A
PODOR,NDIOUM,DIEDIOUBA,01,590,CM2
PODOR,NDIOUM,DIEDIOUBA,02,219,SALLE DE CLASSE
PODOR,NDIOUM,NDIOUM DIERY,01,594,CM2 A
PODOR,NDIOUM,NDIOUM DIERY,02,594,NDIOUM 2 CLASSE CM 2 B
PODOR,NDIOUM,NDIOUM DIERY,03,599,NDIOUM 63 CLASSE CE 2 A
PODOR,NDIOUM,NDIOUM DIERY,04,590,NDIOUM 4 CLASSE CE 2 B
PODOR,NDIOUM,NDIOUM DIERY,05,598,NDIOUM 5 CLASSE CM 1 B
PODOR,NDIOUM,NDIOUM DIERY,06,545,CM1 A
PODOR,NDIOUM,NDIOUM DIERY,07,553,CE1 B
PODOR,NDIOUM,NDIOUM DIERY,08,373,CLASSE CP A
PODOR,NDIOUM,NDIOUM WALO,01,519,CM2 B
PODOR,NDIOUM,NDIOUM WALO,02,512,CIA
PODOR,NDIOUM,NDIOUM WALO,03,293,CE 1
PODOR,NDIOUM,NIANGA,01,513,CE1 B
PODOR,NDIOUM,NIANGA,02,516,NIANGA 2 CLASSE CM 2 B
PODOR,NDIOUM,NIANGA,03,516,CP B
PODOR,NDIOUM,NIANGA,04,383,CP A
PODOR,NDIOUM,OULAD BERRY,01,530,CP B
PODOR,NDIOUM,OULAD BERRY,02,533,OULAD BERRY 2 CLASSE CM 2 A
PODOR,NDIOUM,OULAD BERRY,03,457,CM2
PODOR,NIANDANE,NIANDANE,01,594,CM 1 A
PODOR,NIANDANE,NIANDANE,02,596,CM 1 A
PODOR,NIANDANE,NIANDANE,03,594,CM 2 A
PODOR,NIANDANE,NIANDANE,04,569,CLASSE CM2 B
PODOR,NIANDANE,NIANDANE,05,567,CLASSE CE2 A
PODOR,NIANDANE,NIANDANE,06,461,CLASSE CP A
PODOR,PETE,PETE,01,579,CLASSE CM2 A
PODOR,PETE,PETE,02,585,CLASSE CM2 B
PODOR,PETE,PETE,03,590,CLASSE CI B
PODOR,PETE,PETE,04,584,SALLE DE CLASSE ECOLE 1 CE2
PODOR,PETE,PETE,05,156,CLASSE CP
PODOR,PODOR,C. E. T. F.,01,520,SALLE DE CLASSE N° 1
PODOR,PODOR,C. E. T. F.,02,520,SALLE DE CLASSE N° 2
PODOR,PODOR,C. E. T. F.,03,519,SALLE DE CLASSE N° 3
PODOR,PODOR,C P R S,01,483,COLLEGE 2 PODOR SALLE 5
PODOR,PODOR,C P R S,02,483,COLLEGE 2 PODOR SALLE 6
PODOR,PODOR,C P R S,03,482,COLLEGE 2 PODOR SALLE 7
PODOR,PODOR,ECOLE ELIMANE BABA DICKEL WONE,01,327,SALLE DE CLASSE CM 1 A
PODOR,PODOR,ECOLE ELIMANE BABA DICKEL WONE,02,330,CE2 A
PODOR,PODOR,ECOLE ELIMANE BABA DICKEL WONE,03,325,SALLE DE CLASSE CE 1 B
PODOR,PODOR,ECOLE ELIMANE BABA DICKEL WONE,04,327,CE2 B
PODOR,PODOR,ECOLE HAMAT BA,01,540,SALLE DE CLASSE CE 2 B
PODOR,PODOR,ECOLE HAMAT BA,02,540,CM1 A
PODOR,PODOR,ECOLE HAMAT BA,03,541,CM2 B
PODOR,PODOR,ECOLE HAMAT BA,04,541,CMI A
PODOR,PODOR,ECOLE RACINE CHEIKH SOW,01,403,CM2 A
PODOR,PODOR,ECOLE RACINE CHEIKH SOW,02,405,CM1 A
PODOR,PODOR,ECOLE RACINE CHEIKH SOW,03,404,SALLE DE CLASSE CM 2 B
PODOR,PODOR,ECOLE RACINE CHEIKH SOW,04,403,SALLE DE CLASSE CM 1 B
PODOR,PODOR,SOUIMA,01,596,SALLE DE CLASSE CE 1 B
PODOR,PODOR,SOUIMA,02,354,CM2
PODOR,WALALDE,WALALDE,01,591,CLASSE CE2 A
PODOR,WALALDE,WALALDE,02,588,CLASSE CE1 B
PODOR,WALALDE,WALALDE,03,590,CLASSE CM1 A
PODOR,WALALDE,WALALDE,04,589,CLASSE CP A
PODOR,WALALDE,WALALDE,05,582,CM1 A
PODOR,DOUMGA LAO,AERE POSTE,01,312,CLASSE CE2
PODOR,DOUMGA LAO,AERE POSTE,02,312,CLASSE CP
PODOR,DOUMGA LAO,AVGALI,01,292,CLASSE CE2
PODOR,DOUMGA LAO,AVGALI,02,291,CLASSE CP
PODOR,DOUMGA LAO,BARKEDJI HOUDIABE,01,327,CLASSE CE2
PODOR,DOUMGA LAO,BARKEDJI HOUDIABE,02,317,CM1
PODOR,DOUMGA LAO,BOKI,01,392,CLASSE CE2
PODOR,DOUMGA LAO,BOKI,02,391,CLASSE CP
PODOR,DOUMGA LAO,BOKI,03,392,CLASSE CM2
PODOR,DOUMGA LAO,COGGA,01,437,CLASSE CE1
PODOR,DOUMGA LAO,DIAYNGA PEULH,01,339,ABRI PROVISOIRE
PODOR,DOUMGA LAO,DIAYNGA SOUBALO,01,463,CLASSE CE2
PODOR,DOUMGA LAO,DOUMGA,01,578,CLASSE CE2
PODOR,DOUMGA LAO,DOUMGA,02,584,CLASSE CP
PODOR,DOUMGA LAO,DOUMGA,03,573,CLASSE CM 1
PODOR,DOUMGA LAO,DOUMGA,04,490,SALLE DE CLASSE
PODOR,DOUMGA LAO,HOUDALAYE,01,160,CLASSE CI
PODOR,DOUMGA LAO,KOYLEL,01,268,CLASSE CE1
PODOR,DOUMGA LAO,NDOMANABE,01,258,ABRI PROVISOIRE
PODOR,DOUMGA LAO,NDOMANABE,02,256,ABRI PROVISOIRE
PODOR,DOUMGA LAO,OUROURBE BEMBA,01,209,ABRI PROVISOIRE
PODOR,DOUMGA LAO,OUROURBE BEMBA,02,210,ABRI PROVISOIRE
PODOR,DOUMGA LAO,SYVALBE,01,473,ABRI PROVISOIRE
PODOR,DOUMGA LAO,SYVALBE,02,472,ABRI PROVISOIRE
PODOR,DOUMGA LAO,THIEWEL,01,494,CLASSE CE2
PODOR,DOUMGA LAO,THILLY,01,183,CLASSE CE1
PODOR,DOUMGA LAO,TOULDE ROUBOUNDE,01,199,ABRI PROVISOIRE
PODOR,DOUMGA LAO,VANDE,01,357,CLASSE CE1
PODOR,DOUMGA LAO,VETHIANCOBE,01,165,ABRI PROVISOIRE
PODOR,DOUMGA LAO,VODABE PENAKA,01,412,CLASSE CE2
PODOR,DOUMGA LAO,VODABE PENAKA,02,414,CLASSE CP
PODOR,DOUMGA LAO,VORDE,01,319,CLASSE CE2
PODOR,DOUMGA LAO,WOURO ARDO,01,508,ABRI PROVISOIRE
PODOR,DOUMGA LAO,YARE LAO,01,502,CLASSE CP
PODOR,DOUMGA LAO,YARE LAO,02,505,CLASSE CE2
PODOR,MADINA NDIATHBE,ARAM,01,407,CLASSE CE 1
PODOR,MADINA NDIATHBE,ARAM,02,405,CLASSE CP 2
PODOR,MADINA NDIATHBE,BILVILI,01,108,ABRI PROVISOIRE
PODOR,MADINA NDIATHBE,BOUNABE,01,341,ABRI PROVISOIRE
PODOR,MADINA NDIATHBE,CAS CAS,01,534,CLASSE CE 2 A
PODOR,MADINA NDIATHBE,CAS CAS,02,538,CLASSE CE 2 B
PODOR,MADINA NDIATHBE,CAS CAS,03,546,CLASSE CE 1
PODOR,MADINA NDIATHBE,CAS CAS,04,540,CLASSE CP 2
PODOR,MADINA NDIATHBE,CAS CAS,05,537,CLASSE CP 1
PODOR,MADINA NDIATHBE,CAS CAS,06,536,CLASSE CM2
PODOR,MADINA NDIATHBE,CAS CAS,07,538,CLASSE CM1 A
PODOR,MADINA NDIATHBE,CIVRE THIAMBE,01,421,CLASSE CE2
PODOR,MADINA NDIATHBE,CIVRE THIAMBE,02,425,CLASSE CM1
PODOR,MADINA NDIATHBE,DEMBA WASSA,01,133,CLASSE CM1
PODOR,MADINA NDIATHBE,DIAMY GALO,01,237,CLASSE CM2
PODOR,MADINA NDIATHBE,DOGUI DOMBI,01,261,CLASSE CI
PODOR,MADINA NDIATHBE,DOUNGUEL,01,445,CLASSE CE 1
PODOR,MADINA NDIATHBE,DOUNGUEL,02,445,CLASSE CE 2
PODOR,MADINA NDIATHBE,GONKOL 1,01,248,CLASSE CM 2
PODOR,MADINA NDIATHBE,HOUDIABE,01,316,CLASSE CE1
PODOR,MADINA NDIATHBE,KENENE,01,146,CLASSE CM1
PODOR,MADINA NDIATHBE,MADINA NDIATHBE,01,600,CLASSE CP 2
PODOR,MADINA NDIATHBE,MADINA NDIATHBE,02,601,CLASSE CE 2 A
PODOR,MADINA NDIATHBE,MADINA NDIATHBE,03,600,CLASSE CE 2 B
PODOR,MADINA NDIATHBE,MADINA NDIATHBE,04,601,CLASSE CP 1
PODOR,MADINA NDIATHBE,MADINA NDIATHBE,05,601,CLASSE CM 1
PODOR,MADINA NDIATHBE,MADINA NDIATHBE,06,560,CE2 A
PODOR,MADINA NDIATHBE,NANAYE PEULH,01,320,CLASSE CE 1
PODOR,MADINA NDIATHBE,OLOL DIAOBE,01,365,CLASSE CE 2
PODOR,MADINA NDIATHBE,OLOL DIAOBE,02,366,CLASSE CE 1
PODOR,MADINA NDIATHBE,OUROURBE DAKA,01,334,CLASSE CE 1
PODOR,MADINA NDIATHBE,OUROURBE DAKA,02,336,CLASSE CM 1
PODOR,MADINA NDIATHBE,SARE SOUKI,01,150,CLASSE CE2
PODOR,MADINA NDIATHBE,TAKOYEL,01,213,CLASSE CP 2
PODOR,MADINA NDIATHBE,TAKOYEL,02,212,CLASSE CE 2
PODOR,MADINA NDIATHBE,VINDOU BOKI,01,358,ABRI PROVISOIRE
PODOR,MADINA NDIATHBE,VINDOU BOKI,02,359,ABRI PROVISOIRE
PODOR,MADINA NDIATHBE,WOUNO,01,388,CLASSE CM 1
PODOR,MADINA NDIATHBE,YALALBE,01,241,CLASSE CE 2
PODOR,MERI,ABDALLAH,01,338,CLASSE CE2
PODOR,MERI,ABDALLAH,02,336,CLASSE CI
PODOR,MERI,BITTO,01,312,CLASSE CP2
PODOR,MERI,DIAOBE MBOUMBA,01,370,CLASSE CE1
PODOR,MERI,DIAOBE MBOUMBA,02,357,CLASSE CI
PODOR,MERI,DIOUDE DIABE,01,542,CLASSE CP2
PODOR,MERI,DIOUDE DIABE,02,546,CLASSE CE1
PODOR,MERI,DIOUDE DIABE,03,546,CLASSE CE2
PODOR,MERI,FONDE ELIMANE,01,383,CLASSE CE2
PODOR,MERI,FONDE GANDE,01,435,CLASSE CP2
PODOR,MERI,LOUMBI,01,145,ABRI PROVISOIRE
PODOR,MERI,MBARKI,01,146,ECOLE CLASSE CP
PODOR,MERI,MERI,01,566,CLASSE CM1
PODOR,MERI,MERI,02,562,CLASSE CE2
PODOR,MERI,MERI,03,559,CLASSE CE1
PODOR,MERI,MERI,04,565,CLASSE CP2
PODOR,MERI,MERI,05,565,CLASSE CM2
PODOR,MERI,MERI,06,240,CLASSE CM2 B
PODOR,MERI,NDIOUGANABE PEULH,01,295,ABRI PROVISOIRE
PODOR,MERI,NOUMA,01,393,CLASSE CM2
PODOR,MERI,SOUBALO MBOUMBA,01,293,CLASSE CE2
PODOR,MERI,SOURAYE,01,350,CLASSE CE2
PODOR,MERI,THIOUBALEL,01,461,CLASSE CP1
PODOR,MERI,THIOUBALEL,02,460,CLASSE CP2
PODOR,MERI,THIOUBALEL,03,457,CLASSE CM1
PODOR,MERI,WOURO ALPHALI,01,292,ABRI PROVISOIRE
PODOR,DODEL,ADJI BALI,01,372,CLASSE CE1
PODOR,DODEL,BELI THIOVI,01,337,CLASSE CE 1
PODOR,DODEL,DARA ALAYBE,01,585,CLASSE CE1
PODOR,DODEL,DARA ALAYBE,02,585,CLASSE CE2
PODOR,DODEL,DARA ALAYBE,03,585,CM2 A
PODOR,DODEL,DIERI DIOUGA,01,481,CLASSE CE1
PODOR,DODEL,DIERI DIOUGA,02,213,CP
PODOR,DODEL,DIOMANDOU,01,540,CLASSE CE1
PODOR,DODEL,DIOMANDOU,02,540,CLASSE CE2
PODOR,DODEL,DIOUWANABE,01,392,ECOLE DIAMIMBAILA CI
PODOR,DODEL,DODEL,01,591,CLASSE CE1
PODOR,DODEL,DODEL,02,588,CLASSE CE2
PODOR,DODEL,DODEL,03,590,COLLEGE 6 EME  A
PODOR,DODEL,DODEL,04,583,CEM CLASSE 3 EME A
PODOR,DODEL,DODEL,05,585,CLASSE 5EME  COLLEGE
PODOR,DODEL,DODEL,06,150,CLASSE CP B
PODOR,DODEL,DOUBANGUE,01,483,CLASSE CE1
PODOR,DODEL,ECOLE DIAMAL,01,534,CLASSE CE1
PODOR,DODEL,ECOLE DIAMAL,02,531,CLASSE CE2
PODOR,DODEL,ECOLE POURI,01,108,SALLE DE CLASSE
PODOR,DODEL,ECOLE SINTHIOU DANGDE,01,455,CLASSE CP
PODOR,DODEL,ECOLE SINTHIOU DANGDE,02,455,CLASSE CE1
PODOR,DODEL,FAMBAL,01,321,ABRI PROVISOIRE
PODOR,DODEL,GADATY,01,164,SALLE DE CLASSE
PODOR,DODEL,GADATY,02,160,SALLE DE CLASSE
PODOR,DODEL,GAOUDY GOTTY,01,302,CLASSE CE1
PODOR,DODEL,MARDA,01,547,CLASSE CP
PODOR,DODEL,MARDA,02,542,CLASSE CE1
PODOR,DODEL,NDORMBOSS,01,508,CLASSE CE2
PODOR,DODEL,PATHE GALLO,01,598,CLASSE CE2
PODOR,DODEL,PATHE GALLO,02,71,CLASSE CI
PODOR,DODEL,SASSEL TALBE,01,401,CLASSE CE2
PODOR,DODEL,THIALAGA,01,584,CLASSE CE1
PODOR,DODEL,THIALAGA,02,581,CLASSE CE2
PODOR,DODEL,THIENEL SAKOBE,01,390,CLASSE CE2
PODOR,DODEL,TOULDE GALLE,01,541,CLASSE CP
PODOR,DODEL,TOULDE GALLE,02,540,CLASSE CE1
PODOR,DODEL,TOULDE GALLE,03,541,CLASSE CE2
PODOR,DODEL,TOULDE GALLE,04,466,CM1 A
PODOR,GAMADJI SARE,ALVAR,01,414,CLASSE CE1
PODOR,GAMADJI SARE,BOMBODE,01,161,CLASSE CP
PODOR,GAMADJI SARE,COPPE MANGAYE,01,177,CLASSE CE1
PODOR,GAMADJI SARE,DIARA,01,504,CLASSE CE2
PODOR,GAMADJI SARE,ECOLE GAMADJI SARE,01,572,CLASSE CP
PODOR,GAMADJI SARE,ECOLE GAMADJI SARE,02,572,CLASSE CE1
PODOR,GAMADJI SARE,ECOLE GAMADJI SARE,03,573,CLASSE CE2
PODOR,GAMADJI SARE,ECOLE GAMADJI SARE,04,554,CM2 A
PODOR,GAMADJI SARE,ECOLE THIELAO,01,446,CLASSE CE1
PODOR,GAMADJI SARE,ECOLE THIELAO,02,443,CLASSE CE 2
PODOR,GAMADJI SARE,ECOLE THIELAO,03,443,CLASSE CM2
PODOR,GAMADJI SARE,KODIOLEL,01,544,CLASSE CE1
PODOR,GAMADJI SARE,KODIOLEL,02,542,CLASSE CE2
PODOR,GAMADJI SARE,KORKADIEL,01,270,CLASSE CP
PODOR,GAMADJI SARE,MBELOGNE,01,157,CLASSE CP
PODOR,GAMADJI SARE,MBELOGNE,02,157,ABRI PROVISOIRE
PODOR,GAMADJI SARE,MOUNDOUWAYE,01,263,CLASSE CP
PODOR,GAMADJI SARE,NAMARDE,01,420,CLASSE CP
PODOR,GAMADJI SARE,NAMAREL ECOLE,01,448,CLASE CE 1
PODOR,GAMADJI SARE,NAMAREL ECOLE,02,446,CLASSE CE2
PODOR,GAMADJI SARE,NAMAREL ECOLE,03,442,CLASSE CM1
PODOR,GAMADJI SARE,NGANE,01,368,CLASSE CE1
PODOR,GAMADJI SARE,NGANE,02,367,CLASSE CE2
PODOR,GAMADJI SARE,OURO MALEY,01,514,CLASSE CP
PODOR,GAMADJI SARE,OURO MALEY,02,510,CLASSE CE1
PODOR,GAMADJI SARE,WINDOU DIAMY,01,570,CLASSE CP
PODOR,GAMADJI SARE,WINDOU DIAMY,02,50,CLASSE CI
PODOR,GAMADJI SARE,YOLI,01,522,CLASSE CP
PODOR,GUEDE VILLAGE,AGNAM TOWNGUEL,01,587,CLASSE CE1
PODOR,GUEDE VILLAGE,BELEL KELLE,01,592,CLASSE CE1
PODOR,GUEDE VILLAGE,DADO,01,281,CLASSE CP
PODOR,GUEDE VILLAGE,DECOLE,01,440,CLASSE CE1
PODOR,GUEDE VILLAGE,DIAMA ALWALI,01,396,CLASSE CE1
PODOR,GUEDE VILLAGE,DIAMA ALWALI,02,392,CLASSE CE2
PODOR,GUEDE VILLAGE,DIAMBO,01,295,CLASSE CE1
PODOR,GUEDE VILLAGE,DIAMBO,02,294,CLASSE CI ECOLE
PODOR,GUEDE VILLAGE,DIAMBO BELEL,01,194,ECOLE DIAMBO DIAOBE CI
PODOR,GUEDE VILLAGE,DIATAR,01,476,CLASSE CE1
PODOR,GUEDE VILLAGE,DIATAR,02,476,CLASSE CE2
PODOR,GUEDE VILLAGE,DIATAR,03,471,SALLE DE CLASSE
PODOR,GUEDE VILLAGE,DIEGUESS,01,270,ABRI PROVISOIRE
PODOR,GUEDE VILLAGE,DOUE,01,560,CLASSE CE2
PODOR,GUEDE VILLAGE,ECOLE DONAYE,01,462,CLASSE CP
PODOR,GUEDE VILLAGE,ECOLE DONAYE,02,467,CLASSE CE1
PODOR,GUEDE VILLAGE,ECOLE DONAYE,03,464,CLASSE CE2
PODOR,GUEDE VILLAGE,ECOLE DONAYE,04,465,SALLE DE CLASSE
PODOR,GUEDE VILLAGE,ECOLE GUEDE VILLAGE,01,591,CLASSE CE1
PODOR,GUEDE VILLAGE,ECOLE GUEDE VILLAGE,02,596,CLASSE CE2
PODOR,GUEDE VILLAGE,ECOLE GUEDE VILLAGE,03,587,CLASSE CM1
PODOR,GUEDE VILLAGE,ECOLE GUEDE VILLAGE,04,139,CLASSE CM2
PODOR,GUEDE VILLAGE,ECOLE THIACKLE,01,465,CLASSE CP
PODOR,GUEDE VILLAGE,FONDE ASS,01,312,CLASSE CE1
PODOR,GUEDE VILLAGE,GUIA,01,542,CLASSE CP
PODOR,GUEDE VILLAGE,GUIA,02,542,CLASSE CE 1
PODOR,GUEDE VILLAGE,GUIA,03,540,CLASSE CE 2
PODOR,GUEDE VILLAGE,GUIA,04,540,CLASSE CM 1
PODOR,GUEDE VILLAGE,KODIT,01,215,CLASSE CE 1
PODOR,GUEDE VILLAGE,LERABE,01,555,CLASSE CE 1
PODOR,GUEDE VILLAGE,LERABE,02,558,CLASSE CP
PODOR,GUEDE VILLAGE,MAFRE,01,299,CLASSE CP
PODOR,GUEDE VILLAGE,MAISON FAMILIALE GUEDE,01,392,MAISON FAMILIALE
PODOR,GUEDE VILLAGE,MAISON FAMILIALE GUEDE,02,396,SALLE 2
PODOR,GUEDE VILLAGE,MBANTOU,01,495,CLASSE CE 1
PODOR,GUEDE VILLAGE,MBANTOU CROISEMENT,01,340,CLASSE CE 2
PODOR,GUEDE VILLAGE,MBIDDI,01,367,CLASSE CE 2
PODOR,GUEDE VILLAGE,MBIDDI,02,364,CLASSE CE1 ECOLE
PODOR,GUEDE VILLAGE,MBOYO,01,467,CLASSE CE 2
PODOR,GUEDE VILLAGE,MBOYO,02,466,CLASSE CM 1
PODOR,GUEDE VILLAGE,MBOYO,03,464,CLASSE CE1 ECOLE
PODOR,GUEDE VILLAGE,NDIAWARA,01,460,CLASSE CE 1
PODOR,GUEDE VILLAGE,NDIAWARA,02,463,CLASSE CE 2
PODOR,GUEDE VILLAGE,NENETTE,01,432,CLASSE CE 1
PODOR,GUEDE VILLAGE,NENETTE,02,433,CLASSE CE 2
PODOR,GUEDE VILLAGE,NGHAOULE,01,289,CLASSE CP
PODOR,GUEDE VILLAGE,NGHAOULE,02,288,CLASSE CE 1
PODOR,GUEDE VILLAGE,OURO MADIHOU,01,447,CLASSE CE 2
PODOR,GUEDE VILLAGE,OUROURBE NENETTE,01,320,ABRI PROVISOIRE
PODOR,GUEDE VILLAGE,PETEL DIEGUESS,01,320,CLASSE CE 1
PODOR,GUEDE VILLAGE,TAREDJI,01,434,CLASSE CE 2
PODOR,GUEDE VILLAGE,TAREDJI,02,431,CLASSE CM 1
PODOR,BOKE DIALLOUBE,BAROBE,01,451,ABRI PROVISOIRE
PODOR,BOKE DIALLOUBE,BAROBE,02,450,ABRI PROVISOIRE
PODOR,BOKE DIALLOUBE,BELEL THIEDO,01,178,ABRI PROVISOIRE
PODOR,BOKE DIALLOUBE,BIBE - WINDI THILY,01,426,CLASSE DE CLASSE CI
PODOR,BOKE DIALLOUBE,BOBOREL,01,340,SALLE DE CLASSE CP
PODOR,BOKE DIALLOUBE,BOKE DIALLOUBE,01,544,LYCEE 6A
PODOR,BOKE DIALLOUBE,BOKE DIALLOUBE,02,542,LYCEE 6B
PODOR,BOKE DIALLOUBE,BOKE DIALLOUBE,03,536,LYCEE 5A
PODOR,BOKE DIALLOUBE,BOKE DIALLOUBE,04,541,LYCEE 5B
PODOR,BOKE DIALLOUBE,BOKE DIALLOUBE,05,544,LYCEE 4
PODOR,BOKE DIALLOUBE,BOKE DIALLOUBE,06,522,LYCEE 2NDE L
PODOR,BOKE DIALLOUBE,BOKE DIALLOUBE,07,516,LYCEE 1ERE S
PODOR,BOKE DIALLOUBE,BOKE DIEGUESS,01,215,SALLE DE CLASSE CP
PODOR,BOKE DIALLOUBE,BOKE FAFABE FAYEMBE,01,370,ABRI PROVISOIRE
PODOR,BOKE DIALLOUBE,BOKE FAFABE MARIABE,01,316,ABRI PROVISOIRE
PODOR,BOKE DIALLOUBE,BOKE MBAYBE,01,265,SALLE DE CLASSE CE1
PODOR,BOKE DIALLOUBE,BOKE MBAYBE,02,264,SALLE DE CLASSE CM1
PODOR,BOKE DIALLOUBE,BOKE NAMARI,01,277,SALLE DE CLASSE CE1
PODOR,BOKE DIALLOUBE,BOKE SALSALBE,01,398,ABRI PROVISOIRE
PODOR,BOKE DIALLOUBE,DIARANGUEL,01,482,SALLE DE CLASSE CI
PODOR,BOKE DIALLOUBE,DIONGUI,01,348,SALLE DE CLASSE CI
PODOR,BOKE DIALLOUBE,DIONGUI,02,345,SALLE DE CLASSE CE1
PODOR,BOKE DIALLOUBE,FERLO THIKITE,01,456,ABRI PROVISOIRE
PODOR,BOKE DIALLOUBE,GADIOBE,01,195,SALLE DE CLASSE CE2
PODOR,BOKE DIALLOUBE,GAYE KADAR DIALLOUBE,01,502,SALLE DE CLASSE CE1
PODOR,BOKE DIALLOUBE,GAYE KADAR IRLABE,01,476,SALLE DE CLASSE CE2
PODOR,BOKE DIALLOUBE,GUELONGAL,01,377,SALLE DE CLASSE CI
PODOR,BOKE DIALLOUBE,HOUGA GUIRWASS,01,151,ABRI PROVISOIRE
PODOR,BOKE DIALLOUBE,KARAVOYNDOU,01,486,SALLE DE CLASSE CI
PODOR,BOKE DIALLOUBE,KARAVOYNDOU,02,162,CLASSE CE2
PODOR,BOKE DIALLOUBE,KOURBOL,01,73,ABRI PROVISOIRE
PODOR,BOKE DIALLOUBE,LAIKY,01,276,CLASSE CE1
PODOR,BOKE DIALLOUBE,LOUGRE MBABA,01,242,ABRI PROVISOIRE
PODOR,BOKE DIALLOUBE,NDIAYENE PEULH,01,522,SALLE DE CLASSE CI
PODOR,BOKE DIALLOUBE,NDIAYENE PEULH,02,292,SALLE DE CLASSE CE1
PODOR,BOKE DIALLOUBE,NGOUYE,01,589,SALLE DE CLASSE CI
PODOR,BOKE DIALLOUBE,OUALLAH,01,471,SALLE DE CLASSE CE2
PODOR,BOKE DIALLOUBE,SALDE,01,526,SALLE DE CLASSE CI
PODOR,BOKE DIALLOUBE,SALDE,02,532,SALLE DE CLASSE CP
PODOR,BOKE DIALLOUBE,SALDE,03,192,CLASSE CE1
PODOR,BOKE DIALLOUBE,THIALAMBOL,01,181,CLASSE CE2
PODOR,BOKE DIALLOUBE,THIELBI,01,111,CLASSE CP
PODOR,BOKE DIALLOUBE,THIKITE,01,430,SALLE DE CLASSE CE1
PODOR,BOKE DIALLOUBE,THIKITE,02,432,SALLE DE CLASSE CM1
PODOR,BOKE DIALLOUBE,VASSATAKE,01,321,SALLE DE CLASSE CI
PODOR,BOKE DIALLOUBE,VASSATAKE,02,316,SALLE DE CLASSE CE2
PODOR,BOKE DIALLOUBE,VASSATAKE,03,315,SALLE DE CLASSE CM 2
PODOR,BOKE DIALLOUBE,YAVALDE DIALLOUBE,01,343,SALLE DE CLASSE
PODOR,BOKE DIALLOUBE,YAVALDE IRLABE,01,498,SALLE DE CLASSE
PODOR,MBOLO BIRANE,BOKE YALALBE,01,355,SALLE DE CLASSE CP
PODOR,MBOLO BIRANE,BOUGUEL BELLI EDI,01,416,SALLE DE CLASSE CI
PODOR,MBOLO BIRANE,BOUGUEL BELLI EDI,02,414,SALLE DE CLASSE CP
PODOR,MBOLO BIRANE,DIABA DEKLE,01,600,SALLE DE CLASSE CI
PODOR,MBOLO BIRANE,DIABA DEKLE,02,76,CLASSE CE2
PODOR,MBOLO BIRANE,DIABA LIDOUBE,01,562,SALLE DE CLASSE CM1
PODOR,MBOLO BIRANE,DIABA LIDOUBE,02,562,SALLE DE CLASSE CE1 B
PODOR,MBOLO BIRANE,DIABA LIDOUBE,03,563,SALLE DE CLASSE CM2
PODOR,MBOLO BIRANE,ECOLE GANGUEL,01,217,SALLE DE CLASSE CP
PODOR,MBOLO BIRANE,ECOLE THILAMOL DIABANABE,01,529,SALLE DE CLASSE CE2
PODOR,MBOLO BIRANE,GALOYA PEULH,01,387,ABRI PROVISOIRE
PODOR,MBOLO BIRANE,GALOYA PEULH,02,386,ABRI PROVISOIRE
PODOR,MBOLO BIRANE,GALOYA PEULH,03,385,ABRI PROVISOIRE
PODOR,MBOLO BIRANE,GUIRVASS,01,25,ABRI PROVISOIRE
PODOR,MBOLO BIRANE,KOUNADY,01,98,ABRI PROVISOIRE
PODOR,MBOLO BIRANE,LOUGUE PEULH,01,205,ABRI PROVISOIRE
PODOR,MBOLO BIRANE,LOUGUE PEULH,02,210,ABRI PROVISOIRE
PODOR,MBOLO BIRANE,LOUGUE SEBE,01,411,SALLE DE CLASSE CI
PODOR,MBOLO BIRANE,LOUGUE TOROBE,01,340,SALLE DE CLASSE CM1
PODOR,MBOLO BIRANE,LOUGUE TOROBE,02,343,SALLE DE CLASSE CM2
PODOR,MBOLO BIRANE,LOUR SEBE,01,311,SALLE DE CLASSE CI
PODOR,MBOLO BIRANE,MBOLO ALI SIDI,01,580,SALLE DE CLASSE CI
PODOR,MBOLO BIRANE,MBOLO BIRANE,01,538,SALLE DE CLASSE CM2
PODOR,MBOLO BIRANE,MBOLO BIRANE,02,553,SALLE DE CLASSE CP
PODOR,MBOLO BIRANE,MBOLO BIRANE,03,548,ECOLE ELEMENTAIRE
PODOR,MBOLO BIRANE,MBOLO BIRANE,04,162,CLASSE CI B
PODOR,MBOLO BIRANE,SAMBOWTE,01,187,CASSE CM1
PODOR,MBOLO BIRANE,SINTHIOU AMADOU MARIAM,01,476,SALLE DE CLASSE CI
PODOR,MBOLO BIRANE,SINTHIOU AMADOU MARIAM,02,476,SALLE DE CLASSE CP
PODOR,MBOLO BIRANE,THIABOURLE,01,202,CLASSE CI
PODOR,MBOLO BIRANE,THILOUKI,01,390,SALLE DECLASSE CM1
PODOR,MBOLO BIRANE,THILOUKI,02,389,SALLE DE CLASSE CM2
PODOR,MBOLO BIRANE,TOUFNDE GANDE,01,367,SALLE DE CLASSE CE2
PODOR,FANAYE,BAKARNABE,01,474,ABRI PROVISOIRE
PODOR,FANAYE,BELEL BOGAL,01,473,CLASSE CE2
PODOR,FANAYE,BELEL BOGAL,02,476,CLASSE CMI ECOLE
PODOR,FANAYE,DARA SALAM,01,427,CLASSE CI
PODOR,FANAYE,DIAGNOUM DIAOBE,01,343,CLASSE CE1
PODOR,FANAYE,DIAGNOUM DIAOBE,02,345,CLASSE CM1
PODOR,FANAYE,DIALMATHE,01,506,CLASSE CM2
PODOR,FANAYE,DIALMATHE,02,507,CLASSE CI
PODOR,FANAYE,DIALMATHE,03,514,CLASSE CE1
PODOR,FANAYE,DIALMATHE,04,512,SALLE DE CLASSE
PODOR,FANAYE,DIMAT WALO,01,440,CLASSE CE1
PODOR,FANAYE,FANAYE,01,597,CLASSE CM2A
PODOR,FANAYE,FANAYE,02,600,CLASSE CM1B
PODOR,FANAYE,FANAYE,03,599,CM1A
PODOR,FANAYE,FANAYE,04,595,CLASSE CE1B
PODOR,FANAYE,FANAYE,05,600,CLASSE CE2B
PODOR,FANAYE,FANAYE,06,599,CLASSE CE2A
PODOR,FANAYE,FANAYE,07,595,CEM FANAYE
PODOR,FANAYE,FANAYE,08,599,CEM FANAYE
PODOR,FANAYE,FANAYE,09,570,CEM FANAYE
PODOR,FANAYE,FANAYE,10,234,CEM FANAYE
PODOR,FANAYE,FANAYE WALO,01,440,CLASSE CM1
PODOR,FANAYE,FANAYE WALO,02,189,CLASSE CM2 A
PODOR,FANAYE,FETE DOUNDO SENO,01,330,ABRI PROVISOIRE
PODOR,FANAYE,FORAGE WENDOU OULD,01,257,ABRI PROVISOIRE
PODOR,FANAYE,MEDINA KHAIRI,01,164,ABRI PROVISOIRE
PODOR,FANAYE,NDIEURBA,01,554,CLASSE CM1
PODOR,FANAYE,NDIEURBA,02,547,CLASSE CE2
PODOR,FANAYE,PAMBINABE,01,430,ABRI PROVISOIRE
PODOR,FANAYE,SALNDE FANAYE,01,373,CLASSE CE1
PODOR,FANAYE,SALNDE FANAYE,02,374,CLASSE CP ECOLE
PODOR,FANAYE,TATKI,01,507,CLASSE CM1
PODOR,FANAYE,TATKI,02,502,CLASSE CE1
PODOR,FANAYE,TATKI,03,500,CLASSE CP ECOLE
PODOR,FANAYE,THIANGAYE,01,562,CLASSE CE1
PODOR,FANAYE,THIANGAYE,02,563,CLASSE CM1
PODOR,FANAYE,THIANGAYE,03,561,CLASSE CM2 ECOLE
PODOR,NDIAYENE PEINDAO,BAKAW,01,300,CLASSE CM2
PODOR,NDIAYENE PEINDAO,BELLY GONADJY,01,449,ABRI PROVISOIRE
PODOR,NDIAYENE PEINDAO,DIABOBE,01,286,CLASSE CM2
PODOR,NDIAYENE PEINDAO,DIAMEL,01,479,CLASSE CE2
PODOR,NDIAYENE PEINDAO,DIARDE,01,138,ABRI PROVISOIRE
PODOR,NDIAYENE PEINDAO,DIOFNDE DIALLY,01,422,CLASSE CM1
PODOR,NDIAYENE PEINDAO,DIOFNDE DIALLY,02,415,CLASSE CE1
PODOR,NDIAYENE PEINDAO,HAMEDOULA,01,350,ABRI PROVISOIRE
PODOR,NDIAYENE PEINDAO,HIWIRGO,01,328,ABRI PROVISOIRE
PODOR,NDIAYENE PEINDAO,KADIOGNE,01,497,CLASSE CE2
PODOR,NDIAYENE PEINDAO,KADIOGNE,02,495,CLASSE CM1
PODOR,NDIAYENE PEINDAO,KADIOGNE,03,498,CLASSE CM2 ECOLE
PODOR,NDIAYENE PEINDAO,LOBOUDOU DOUE,01,474,CLASSE CE2
PODOR,NDIAYENE PEINDAO,LOBOUDOU DOUE,02,476,CLASSE CM1
PODOR,NDIAYENE PEINDAO,LOBOUDOU DOUE,03,441,CLASSE CM2
PODOR,NDIAYENE PEINDAO,NDIAYENE SARE,01,449,CLASSE CE1
PODOR,NDIAYENE PEINDAO,NDIAYENE SARE,02,447,CLASSE CM1
PODOR,NDIAYENE PEINDAO,NGUENDAR,01,597,CLASSE CM1
PODOR,NDIAYENE PEINDAO,NGUENDAR,02,597,CLASSE CM2
PODOR,NDIAYENE PEINDAO,NGUENDAR,03,118,CLASSE CE1
PODOR,NDIAYENE PEINDAO,PEINDAO,01,592,CLASSE CE2
PODOR,NDIAYENE PEINDAO,PEINDAO,02,596,CLASSE CM2
PODOR,NDIAYENE PEINDAO,PEINDAO,03,594,CLASSE CP
PODOR,NDIAYENE PEINDAO,PEINDAO,04,166,CLASSE CE1 B
PODOR,NDIAYENE PEINDAO,PETEL,01,503,ABRI PROVISOIRE
PODOR,NDIAYENE PEINDAO,PETEOLE,01,267,ABRI PROVISOIRE
PODOR,NDIAYENE PEINDAO,SENO BOVAL,01,448,CLASSE CM1
PODOR,NDIAYENE PEINDAO,SIMA KIRAYE,01,254,ABRI PROVISOIRE
PODOR,NDIAYENE PEINDAO,THIEOLE,01,526,CLASSE CM1
PODOR,NDIAYENE PEINDAO,THIEOLE,02,525,CLASSE CE1
PODOR,NDIAYENE PEINDAO,THILLE BOUBACAR,01,569,CLASSE CM2B
PODOR,NDIAYENE PEINDAO,THILLE BOUBACAR,02,569,CLASSE C1A
PODOR,NDIAYENE PEINDAO,THILLE BOUBACAR,03,562,CLASSE CM2A
PODOR,NDIAYENE PEINDAO,THILLE BOUBACAR,04,216,CLASSE CM1 B
PODOR,NDIAYENE PEINDAO,TIVAOUANE 2,02,135,ABRI PROVISOIRE
PODOR,NDIAYENE PEINDAO,WENDOU CIRE,01,527,ABRI PROVISOIRE
PODOR,NDIAYENE PEINDAO,WOURO KELLE,01,302,ABRI PROVISOIRE
SAINT LOUIS,MPAL,CEM MAME RAWANE NGOM,01,413,CLASSE 5EME
SAINT LOUIS,MPAL,CEM MAME RAWANE NGOM,02,408,CLASSE 6EME
SAINT LOUIS,MPAL,ECOLE ELEMENTAIRE DE MPAL SANT,01,583,CLASSE CI
SAINT LOUIS,MPAL,ECOLE ELEMENTAIRE DE MPAL SANT,02,584,CLASSE CP
SAINT LOUIS,MPAL,ECOLE ELEMENTAIRE DE MPAL SANT,03,585,CLASSE CE 1
SAINT LOUIS,MPAL,ECOLE ELEMENTAIRE DE MPAL SANT,04,588,CLASSE CM 1
SAINT LOUIS,MPAL,ECOLE ELEMENTAIRE DE MPAL SANT,05,586,CLASSE CM 2
SAINT LOUIS,MPAL,ECOLE ELEMENTAIRE DE MPAL SANT,06,112,CLASSE CE2
SAINT LOUIS,MPAL,ECOLE ELEMENTAIRE GRAND MPAL,01,572,CLASSE CI
SAINT LOUIS,MPAL,ECOLE ELEMENTAIRE GRAND MPAL,02,574,CLASSE CP
SAINT LOUIS,MPAL,ECOLE ELEMENTAIRE GRAND MPAL,03,89,CLASSE CM2
SAINT LOUIS,SAINT LOUIS,CEM ABDOULAYE MAR DIOP,01,559,SALLE DE CLASSE 3EME A
SAINT LOUIS,SAINT LOUIS,CEM ABDOULAYE MAR DIOP,02,559,SALLE DE CLASSE 3EME C
SAINT LOUIS,SAINT LOUIS,CEM ABDOULAYE MAR DIOP,03,561,SALLE DE CLASSE 5EME A
SAINT LOUIS,SAINT LOUIS,CEM ABDOULAYE MAR DIOP,04,475,SALLE DE CLASSE 6EME B
SAINT LOUIS,SAINT LOUIS,CEM PIKINE,01,597,SALLE 1
SAINT LOUIS,SAINT LOUIS,CEM PIKINE,02,596,SALLE 2
SAINT LOUIS,SAINT LOUIS,CEM PIKINE,03,600,SALLE 3
SAINT LOUIS,SAINT LOUIS,CEM PIKINE,04,598,SALLE 4
SAINT LOUIS,SAINT LOUIS,CEM PIKINE,05,522,SALLE 5
SAINT LOUIS,SAINT LOUIS,CEM PIKINE,06,522,SALLE 6
SAINT LOUIS,SAINT LOUIS,CEM PIKINE,07,521,SALLE 7
SAINT LOUIS,SAINT LOUIS,CEM PIKINE,08,522,SALLE 8
SAINT LOUIS,SAINT LOUIS,CES TELEMAQUE SOW,01,510,SALLE 3
SAINT LOUIS,SAINT LOUIS,CES TELEMAQUE SOW,02,512,SALLE 2
SAINT LOUIS,SAINT LOUIS,CES TELEMAQUE SOW,03,509,SALLE 1
SAINT LOUIS,SAINT LOUIS,CES TELEMAQUE SOW,04,511,SALLE 4
SAINT LOUIS,SAINT LOUIS,CES TELEMAQUE SOW,05,458,SALLE 12
SAINT LOUIS,SAINT LOUIS,ECOLE ABDOULAYE KHALY MBENGUE,01,599,SALLE DE CLASSE
SAINT LOUIS,SAINT LOUIS,ECOLE ABDOULAYE KHALY MBENGUE,02,600,SALLE DE CLASSE
SAINT LOUIS,SAINT LOUIS,ECOLE ABDOULAYE KHALY MBENGUE,03,599,SALLE DE CLASSE
SAINT LOUIS,SAINT LOUIS,ECOLE ABDOULAYE KHALY MBENGUE,04,598,SALLE DE CLASSE
SAINT LOUIS,SAINT LOUIS,ECOLE ABDOULAYE KHALY MBENGUE,05,598,ABRI PROVISOIRE
SAINT LOUIS,SAINT LOUIS,ECOLE ABDOULAYE KHALY MBENGUE,06,600,ABRI PROVISOIRE
SAINT LOUIS,SAINT LOUIS,ECOLE ABDOULAYE KHALY MBENGUE,07,599,ABRI PROVISOIRE
SAINT LOUIS,SAINT LOUIS,ECOLE ABDOULAYE KHALY MBENGUE,08,598,ABRI PROVISOIRE
SAINT LOUIS,SAINT LOUIS,ECOLE ABDOULAYE KHALY MBENGUE,09,598,ABRI PROVISOIRE
SAINT LOUIS,SAINT LOUIS,ECOLE ABDOULAYE KHALY MBENGUE,10,600,ABRI PROVISOIRE
SAINT LOUIS,SAINT LOUIS,ECOLE ABDOULAYE KHALY MBENGUE,11,599,ABRI PROVISOIRE
SAINT LOUIS,SAINT LOUIS,ECOLE ABDOULAYE KHALY MBENGUE,12,598,ABRI PROVISOIRE
SAINT LOUIS,SAINT LOUIS,ECOLE ABDOULAYE KHALY MBENGUE,13,278,ABRI PROVISOIRE
SAINT LOUIS,SAINT LOUIS,ECOLE BOUBACAR DIOP,01,597,CLASSE CM2A
SAINT LOUIS,SAINT LOUIS,ECOLE BOUBACAR DIOP,02,597,CLASSE CM2B
SAINT LOUIS,SAINT LOUIS,ECOLE BOUBACAR DIOP,03,597,CLASSE CE2
SAINT LOUIS,SAINT LOUIS,ECOLE BOUBACAR DIOP,04,597,CLASSE CM1
SAINT LOUIS,SAINT LOUIS,ECOLE BOUBACAR DIOP,05,598,CLASSE CI
SAINT LOUIS,SAINT LOUIS,ECOLE BOUBACAR DIOP,06,597,SALLE DE CLASSE
SAINT LOUIS,SAINT LOUIS,ECOLE BOUBACAR DIOP,07,597,SALLE DE CLASSE
SAINT LOUIS,SAINT LOUIS,ECOLE BOUBACAR DIOP,08,596,SALLE DE CLASSE
SAINT LOUIS,SAINT LOUIS,ECOLE CHEICK TOURE,01,598,ABRI PROVISOIRE
SAINT LOUIS,SAINT LOUIS,ECOLE CHEICK TOURE,02,599,ABRI PROVISOIRE
SAINT LOUIS,SAINT LOUIS,ECOLE CHEICK TOURE,03,595,ABRI PROVISOIRE
SAINT LOUIS,SAINT LOUIS,ECOLE CHEICK TOURE,04,600,ABRI PROVISOIRE
SAINT LOUIS,SAINT LOUIS,ECOLE CHEICK TOURE,05,599,ABRI PROVISOIRE
SAINT LOUIS,SAINT LOUIS,ECOLE CHEICK TOURE,06,578,ABRI PROVISOIRE
SAINT LOUIS,SAINT LOUIS,ECOLE CHEICK TOURE,07,578,ABRI PROVISOIRE
SAINT LOUIS,SAINT LOUIS,ECOLE CITE NIAX,01,592,CLASSE CI
SAINT LOUIS,SAINT LOUIS,ECOLE CITE NIAX,02,595,CLASSE CM2B
SAINT LOUIS,SAINT LOUIS,ECOLE CITE NIAX,03,597,CLASSE CPA
SAINT LOUIS,SAINT LOUIS,ECOLE CITE NIAX,04,597,CLASSE CPB
SAINT LOUIS,SAINT LOUIS,ECOLE CITE NIAX,05,535,SALLE DE CLASSE
SAINT LOUIS,SAINT LOUIS,ECOLE CITE NIAX,06,534,SALLE DE CLASSE
SAINT LOUIS,SAINT LOUIS,ECOLE EMILE SARR EX BRIERE DE LILLE,01,545,CLASSE CE2B
SAINT LOUIS,SAINT LOUIS,ECOLE EMILE SARR EX BRIERE DE LILLE,02,548,CLASSE CE1A
SAINT LOUIS,SAINT LOUIS,ECOLE EMILE SARR EX BRIERE DE LILLE,03,546,CLASSE CE1B
SAINT LOUIS,SAINT LOUIS,ECOLE EMILE SARR EX BRIERE DE LILLE,04,546,CLASSE CPA
SAINT LOUIS,SAINT LOUIS,ECOLE FANDIERY KONE,01,525,CLASSE CI
SAINT LOUIS,SAINT LOUIS,ECOLE FANDIERY KONE,02,525,CLASSE CM2
SAINT LOUIS,SAINT LOUIS,ECOLE FANDIERY KONE,03,526,CLASSE CM1 A
SAINT LOUIS,SAINT LOUIS,ECOLE FANDIERY KONE,04,453,SALLE DE CLASSE
SAINT LOUIS,SAINT LOUIS,ECOLE FRANCOIS BAYE SALZMAN,01,594,CLASSE CM1
SAINT LOUIS,SAINT LOUIS,ECOLE FRANCOIS BAYE SALZMAN,02,597,CLASSE CE1
SAINT LOUIS,SAINT LOUIS,ECOLE FRANCOIS BAYE SALZMAN,03,598,CLASSE CI
SAINT LOUIS,SAINT LOUIS,ECOLE FRANCOIS BAYE SALZMAN,04,417,SALLE DE CLASSE
SAINT LOUIS,SAINT LOUIS,ECOLE FRANCOIS BAYE SALZMAN,05,416,SALLE DE CLASSE
SAINT LOUIS,SAINT LOUIS,ECOLE GOXUMBACC,01,599,CLASSE CE1
SAINT LOUIS,SAINT LOUIS,ECOLE GOXUMBACC,02,599,CLASSE CE2
SAINT LOUIS,SAINT LOUIS,ECOLE GOXUMBACC,03,595,CLASSE CM1 B
SAINT LOUIS,SAINT LOUIS,ECOLE GOXUMBACC,04,597,CLASSE CI A
SAINT LOUIS,SAINT LOUIS,ECOLE GOXUMBACC,05,595,CLASSE CI C
SAINT LOUIS,SAINT LOUIS,ECOLE GOXUMBACC,06,596,CLASS CI B
SAINT LOUIS,SAINT LOUIS,ECOLE GOXUMBACC,07,597,CLASSE CM2 A
SAINT LOUIS,SAINT LOUIS,ECOLE GOXUMBACC,08,599,CLASSE CM2 B
SAINT LOUIS,SAINT LOUIS,ECOLE GOXUMBACC,09,599,CLASSE CM1 A
SAINT LOUIS,SAINT LOUIS,ECOLE GOXUMBACC,10,600,CLASSE CE2B
SAINT LOUIS,SAINT LOUIS,ECOLE GOXUMBACC,11,599,CLASSE CE1B
SAINT LOUIS,SAINT LOUIS,ECOLE GOXUMBACC,12,559,SALLE 1
SAINT LOUIS,SAINT LOUIS,ECOLE GOXUMBACC,13,560,ECOLE GOXUMBACC 2 SALLE 01
SAINT LOUIS,SAINT LOUIS,ECOLE GOXUMBACC,14,564,ECOLE GOXUMBACC 2 SALLE 2
SAINT LOUIS,SAINT LOUIS,ECOLE GOXUMBACC,15,563,ECOLE GOXUMBACC 2 SALLE 3
SAINT LOUIS,SAINT LOUIS,ECOLE GOXUMBACC,16,564,ECOLE GOXUMBACC 2 SALLE 4
SAINT LOUIS,SAINT LOUIS,ECOLE GOXUMBACC,17,395,ECOLE GOXUMBACC 2 SALLE 05
SAINT LOUIS,SAINT LOUIS,ECOLE HYDROBASE,01,598,CLASSE CI
SAINT LOUIS,SAINT LOUIS,ECOLE HYDROBASE,02,508,SALLE DE CLASSE
SAINT LOUIS,SAINT LOUIS,ECOLE HYDROBASE,03,508,SALLE DE CLASSE
SAINT LOUIS,SAINT LOUIS,ECOLE JUSTIN NDIAYE,01,591,CLASSE CE1 C
SAINT LOUIS,SAINT LOUIS,ECOLE JUSTIN NDIAYE,02,592,CLASSE CE2 C
SAINT LOUIS,SAINT LOUIS,ECOLE JUSTIN NDIAYE,03,589,CLASSE CP C
SAINT LOUIS,SAINT LOUIS,ECOLE JUSTIN NDIAYE,04,594,CLASSE CE1 A
SAINT LOUIS,SAINT LOUIS,ECOLE JUSTIN NDIAYE,05,593,CLASSE CE1 B
SAINT LOUIS,SAINT LOUIS,ECOLE JUSTIN NDIAYE,06,591,CLASSE CM1 A
SAINT LOUIS,SAINT LOUIS,ECOLE JUSTIN NDIAYE,07,592,CLASSE CM2 B
SAINT LOUIS,SAINT LOUIS,ECOLE JUSTIN NDIAYE,08,555,SALLE DE CLASSE
SAINT LOUIS,SAINT LOUIS,ECOLE JUSTIN NDIAYE,09,126,SALLE DE CLASSE
SAINT LOUIS,SAINT LOUIS,ECOLE MACODOU NDIAYE,01,599,CLASSE CM2 A
SAINT LOUIS,SAINT LOUIS,ECOLE MACODOU NDIAYE,02,596,CLASSE CM2 B
SAINT LOUIS,SAINT LOUIS,ECOLE MACODOU NDIAYE,03,597,CLASSE CM1 A
SAINT LOUIS,SAINT LOUIS,ECOLE MACODOU NDIAYE,04,600,CLASSE CM1 B
SAINT LOUIS,SAINT LOUIS,ECOLE MACODOU NDIAYE,05,597,CLASSE CE2 A
SAINT LOUIS,SAINT LOUIS,ECOLE MACODOU NDIAYE,06,594,CLASSE CE2 B
SAINT LOUIS,SAINT LOUIS,ECOLE MACODOU NDIAYE,07,599,CLASSE CP B
SAINT LOUIS,SAINT LOUIS,ECOLE MACODOU NDIAYE,08,600,SALLE DE CLASSE
SAINT LOUIS,SAINT LOUIS,ECOLE MACODOU NDIAYE,09,221,SALLE DE CLASSE
SAINT LOUIS,SAINT LOUIS,ECOLE MAMADOU CHARLES LEGROS DIALLO,01,596,CLASSE CM2 A
SAINT LOUIS,SAINT LOUIS,ECOLE MAMADOU CHARLES LEGROS DIALLO,02,595,CLASSE CM2 B
SAINT LOUIS,SAINT LOUIS,ECOLE MAMADOU CHARLES LEGROS DIALLO,03,592,CLASSE CM1 A
SAINT LOUIS,SAINT LOUIS,ECOLE MAMADOU CHARLES LEGROS DIALLO,04,597,CLASSE CE2 B
SAINT LOUIS,SAINT LOUIS,ECOLE MAMADOU CHARLES LEGROS DIALLO,05,594,CLASSE CP2
SAINT LOUIS,SAINT LOUIS,ECOLE MAMADOU CHARLES LEGROS DIALLO,06,598,CLASSE CPA
SAINT LOUIS,SAINT LOUIS,ECOLE MAMADOU CHARLES LEGROS DIALLO,07,599,CLASSE CI
SAINT LOUIS,SAINT LOUIS,ECOLE MAMADOU CHARLES LEGROS DIALLO,08,528,SALLE DE CLASSE
SAINT LOUIS,SAINT LOUIS,ECOLE MAMADOU CHARLES LEGROS DIALLO,09,141,SALLE DE CLASSE
SAINT LOUIS,SAINT LOUIS,ECOLE MAMADOU CHARLES NIANG,01,598,CLASSE CM2 B
SAINT LOUIS,SAINT LOUIS,ECOLE MAMADOU CHARLES NIANG,02,599,CLASSE CE2 B
SAINT LOUIS,SAINT LOUIS,ECOLE MAMADOU CHARLES NIANG,03,539,SALLE DE CLASSE
SAINT LOUIS,SAINT LOUIS,ECOLE MAMADOU CHARLES NIANG,04,542,SALLE DE CLASSE
SAINT LOUIS,SAINT LOUIS,ECOLE MAMADOU CHARLES NIANG,05,459,SALLE DE CLASSE
SAINT LOUIS,SAINT LOUIS,ECOLE MAMOUR DIALLO,01,599,CLASSE CM2 B
SAINT LOUIS,SAINT LOUIS,ECOLE MAMOUR DIALLO,02,599,CLASSE CI B
SAINT LOUIS,SAINT LOUIS,ECOLE MAMOUR DIALLO,03,598,CLASSE CM1 B
SAINT LOUIS,SAINT LOUIS,ECOLE MAMOUR DIALLO,04,598,CLASSE CE1 B
SAINT LOUIS,SAINT LOUIS,ECOLE MAMOUR DIALLO,05,598,SALLE DE CLASSE
SAINT LOUIS,SAINT LOUIS,ECOLE MOUSSA DIOP (EX NGALLELE),01,595,CLASSE CM1
SAINT LOUIS,SAINT LOUIS,ECOLE MOUSSA DIOP (EX NGALLELE),02,595,CLASSE CPA
SAINT LOUIS,SAINT LOUIS,ECOLE MOUSSA DIOP (EX NGALLELE),03,596,CLASSE CM 1 B
SAINT LOUIS,SAINT LOUIS,ECOLE MOUSSA DIOP (EX NGALLELE),04,595,SALLE DE CLASSE
SAINT LOUIS,SAINT LOUIS,ECOLE MOUSSA DIOP (EX NGALLELE),05,591,SALLE DE CLASSE
SAINT LOUIS,SAINT LOUIS,ECOLE MOUSSA DIOP (EX NGALLELE),06,594,SALLE DE CLASSE
SAINT LOUIS,SAINT LOUIS,ECOLE NALLA NDIAYE,01,595,CLASSE CE1 A
SAINT LOUIS,SAINT LOUIS,ECOLE NALLA NDIAYE,02,598,CLASSE CE1 B
SAINT LOUIS,SAINT LOUIS,ECOLE NALLA NDIAYE,03,600,CLASSE CE2 B
SAINT LOUIS,SAINT LOUIS,ECOLE NALLA NDIAYE,04,598,CLASSE CE2 A
SAINT LOUIS,SAINT LOUIS,ECOLE NALLA NDIAYE,05,594,CLASSE CM2 A
SAINT LOUIS,SAINT LOUIS,ECOLE NALLA NDIAYE,06,595,CLASSE CM2 B
SAINT LOUIS,SAINT LOUIS,ECOLE NALLA NDIAYE,07,470,SALLE DE CLASSE
SAINT LOUIS,SAINT LOUIS,ECOLE NALLA NDIAYE,08,471,SALLE DE CLASSE
SAINT LOUIS,SAINT LOUIS,ECOLE NALLA NDIAYE,09,471,SALLE DE CLASSE
SAINT LOUIS,SAINT LOUIS,ECOLE NDATE YALLA,01,595,CLASSE CPB
SAINT LOUIS,SAINT LOUIS,ECOLE NDATE YALLA,02,595,CLASSE CE1 A
SAINT LOUIS,SAINT LOUIS,ECOLE NDATE YALLA,03,593,CLASSE CP A
SAINT LOUIS,SAINT LOUIS,ECOLE NDATE YALLA,04,598,SALLE CASE DES TOUTS PETITS GS
SAINT LOUIS,SAINT LOUIS,ECOLE OUMAR DIAGNE SYR,01,538,CLASSE CM2
SAINT LOUIS,SAINT LOUIS,ECOLE OUMAR DIAGNE SYR,02,538,CLASSE CM1
SAINT LOUIS,SAINT LOUIS,ECOLE OUMAR DIAGNE SYR,03,538,CLASSE CE2 A
SAINT LOUIS,SAINT LOUIS,ECOLE OUMAR DIAGNE SYR,04,537,CLASSE CE1
SAINT LOUIS,SAINT LOUIS,ECOLE OUMAR DIAGNE SYR,05,538,CLASSE CPA
SAINT LOUIS,SAINT LOUIS,ECOLE OUMAR DIAGNE SYR,06,538,CLASSE CE 1 B
SAINT LOUIS,SAINT LOUIS,ECOLE OUMAR DIAGNE SYR,07,537,SALLE DE CLASSE
SAINT LOUIS,SAINT LOUIS,ECOLE PIKINE ANNEXE 3 POTEAUX,01,600,CLASSE CI
SAINT LOUIS,SAINT LOUIS,ECOLE PIKINE ANNEXE 3 POTEAUX,02,600,CLASSE CM2
SAINT LOUIS,SAINT LOUIS,ECOLE PIKINE ANNEXE 3 POTEAUX,03,599,CLASSE CE2
SAINT LOUIS,SAINT LOUIS,ECOLE PIKINE ANNEXE 3 POTEAUX,04,599,CLASSE CM1
SAINT LOUIS,SAINT LOUIS,ECOLE PIKINE ANNEXE 3 POTEAUX,05,600,CLASSE CE 2 B
SAINT LOUIS,SAINT LOUIS,ECOLE PIKINE ANNEXE 3 POTEAUX,06,599,SALLE DE CLASSE
SAINT LOUIS,SAINT LOUIS,ECOLE PIKINE TACK,01,596,CLASSE CM2
SAINT LOUIS,SAINT LOUIS,ECOLE PIKINE TACK,02,600,CLASSE CM1
SAINT LOUIS,SAINT LOUIS,ECOLE PIKINE TACK,03,598,CLASSE CP
SAINT LOUIS,SAINT LOUIS,ECOLE PIKINE TACK,04,600,CLASSE CE2
SAINT LOUIS,SAINT LOUIS,ECOLE PIKINE TACK,05,78,SALLE DE CLASSE
SAINT LOUIS,SAINT LOUIS,ECOLE RAWANE NGOM,01,586,CLASSE CM2 B
SAINT LOUIS,SAINT LOUIS,ECOLE RAWANE NGOM,02,585,CLASSE CM2 A
SAINT LOUIS,SAINT LOUIS,ECOLE RAWANE NGOM,03,586,CLASSE CE2 B
SAINT LOUIS,SAINT LOUIS,ECOLE RAWANE NGOM,04,586,CLASSE CE1 B
SAINT LOUIS,SAINT LOUIS,ECOLE RAWANE NGOM,05,586,CLASSE CPA
SAINT LOUIS,SAINT LOUIS,ECOLE RAWANE NGOM,06,585,CLASSE CPB
SAINT LOUIS,SAINT LOUIS,ECOLE RAWANE NGOM,07,586,CLASSE CPC
SAINT LOUIS,SAINT LOUIS,ECOLE RAWANE NGOM,08,586,CLASSE CE2A
SAINT LOUIS,SAINT LOUIS,ECOLE RAWANE NGOM,09,585,CLASSE CM1B
SAINT LOUIS,SAINT LOUIS,ECOLE RAWANE NGOM,10,586,CLASSE CM1 A
SAINT LOUIS,SAINT LOUIS,ECOLE RAWANE NGOM,11,585,ECOLE BOLY DIAW CM2 A
SAINT LOUIS,SAINT LOUIS,ECOLE RAWANE NGOM,12,585,ECOLE BOLY DIAW CM2 B
SAINT LOUIS,SAINT LOUIS,ECOLE RAWANE NGOM,13,585,ECOLE BOLY DIAW CM1 B
SAINT LOUIS,SAINT LOUIS,ECOLE RAWANE NGOM,14,584,ECOLE BOLY DIAW CM1 A
SAINT LOUIS,SAINT LOUIS,ECOLE RAWANE NGOM,15,584,ECOLE BOLY DIAW CE2 B
SAINT LOUIS,SAINT LOUIS,ECOLE SAER SEYE,01,529,CLASSE CM1A
SAINT LOUIS,SAINT LOUIS,ECOLE SAER SEYE,02,527,CLASSE CE1B
SAINT LOUIS,SAINT LOUIS,ECOLE SAER SEYE,03,531,CLASSE CIA
SAINT LOUIS,SAINT LOUIS,ECOLE SAER SEYE,04,523,CLASSE CIB
SAINT LOUIS,SAINT LOUIS,ECOLE SAER SEYE,05,529,CLASSE CPA
SAINT LOUIS,SAINT LOUIS,ECOLE SAER SEYE,06,523,CLASSE CE2A
SAINT LOUIS,SAINT LOUIS,ECOLE SAMBA NDIEME SOW,01,599,CLASSE CM2B
SAINT LOUIS,SAINT LOUIS,ECOLE SAMBA NDIEME SOW,02,596,CLASSE CE2A
SAINT LOUIS,SAINT LOUIS,ECOLE SAMBA NDIEME SOW,03,600,CLASSE CE1A
SAINT LOUIS,SAINT LOUIS,ECOLE SAMBA NDIEME SOW,04,399,SALLE DE CLASSE
SAINT LOUIS,SAINT LOUIS,ECOLE SAMBA NDIEME SOW,05,400,SALLE DE CLASSE
SAINT LOUIS,SAINT LOUIS,ECOLE SERIGNE BABACAR GUEYE,01,596,SALLE 12
SAINT LOUIS,SAINT LOUIS,ECOLE SERIGNE BABACAR GUEYE,02,596,SALLE 8
SAINT LOUIS,SAINT LOUIS,ECOLE SERIGNE BABACAR GUEYE,03,597,SALLE 1
SAINT LOUIS,SAINT LOUIS,ECOLE SERIGNE BABACAR GUEYE,04,599,SALLE 4
SAINT LOUIS,SAINT LOUIS,ECOLE SERIGNE BABACAR GUEYE,05,585,SALLE DE CLASSE
SAINT LOUIS,SAINT LOUIS,ECOLE SERIGNE BABACAR GUEYE,06,584,SALLE DE CLASSE
SAINT LOUIS,SAINT LOUIS,ECOLE SERIGNE BABACAR GUEYE,07,149,SALLE DE CLASSE
SAINT LOUIS,SAINT LOUIS,ECOLE SOR DAGA,01,598,CLASSE CM1A
SAINT LOUIS,SAINT LOUIS,ECOLE SOR DAGA,02,598,CLASSE CM2A
SAINT LOUIS,SAINT LOUIS,ECOLE SOR DAGA,03,595,CLASSE CE1B
SAINT LOUIS,SAINT LOUIS,ECOLE SOR DAGA,04,595,CLASSE CE1A
SAINT LOUIS,SAINT LOUIS,ECOLE SOR DAGA,05,597,CLASSE CE2B
SAINT LOUIS,SAINT LOUIS,ECOLE SOR DAGA,06,598,CLASSE CPA
SAINT LOUIS,SAINT LOUIS,ECOLE SOR DAGA,07,596,CLASSE CIA
SAINT LOUIS,SAINT LOUIS,ECOLE SOR DAGA,08,574,SALLE DE CLASSE
SAINT LOUIS,SAINT LOUIS,ECOLE SOR DAGA,09,574,SALLE DE CLASSE
SAINT LOUIS,SAINT LOUIS,ECOLE SOR DAGA,10,573,SALLE DE CLASSE
SAINT LOUIS,SAINT LOUIS,ECOLE SOR DAGA,11,573,ECOLE SOR DAGA 2 SALLE DE CLASSE
SAINT LOUIS,SAINT LOUIS,ECOLE SOR DAGA,12,574,ECOLE SOR DAGA 2 SALLE DE CLASSE
SAINT LOUIS,SAINT LOUIS,ECOLE SOR DAGA,13,573,ECOLE SOR DAGA 2 SALLE DE CLASSE
SAINT LOUIS,SAINT LOUIS,ECOLE SOR DAGA,14,578,ECOLE SOR DAGA 2 SALLE DE CLASSE
SAINT LOUIS,SAINT LOUIS,ECOLE SOR DAGA,15,289,ECOLE SOR DAGA 2 SALLE
SAINT LOUIS,SAINT LOUIS,ECOLE SOUKEYNA KONARE,01,598,CLASSE CE2 B
SAINT LOUIS,SAINT LOUIS,ECOLE SOUKEYNA KONARE,02,595,CLASSE CM1B
SAINT LOUIS,SAINT LOUIS,ECOLE SOUKEYNA KONARE,03,596,CLASSE CM1A
SAINT LOUIS,SAINT LOUIS,ECOLE SOUKEYNA KONARE,04,598,CLASSE CI B
SAINT LOUIS,SAINT LOUIS,ECOLE SOUKEYNA KONARE,05,597,CLASSE CP A
SAINT LOUIS,SAINT LOUIS,ECOLE SOUKEYNA KONARE,06,452,SALLE DE CLASSE
SAINT LOUIS,SAINT LOUIS,ECOLE SOUKEYNA KONARE,07,452,SALLE DE CLASSE
SAINT LOUIS,FASS NGOM,BIDIAM MOURIDE,01,159,ECOLE CLASSE CP
SAINT LOUIS,FASS NGOM,ECOLE FASS NGOM,01,575,CLASSE CE 1
SAINT LOUIS,FASS NGOM,ECOLE FASS NGOM,02,574,CLASSE CM 1
SAINT LOUIS,FASS NGOM,ECOLE FASS NGOM,03,574,CLASSE CM 2
SAINT LOUIS,FASS NGOM,ECOLE FASS NGOM,04,574,CLASSE CI A
SAINT LOUIS,FASS NGOM,ECOLE FASS NGOM,05,574,SALLE DE CLASSE
SAINT LOUIS,FASS NGOM,GOGNO CADIOR,01,441,CLASSE CP
SAINT LOUIS,FASS NGOM,KHATETE GAYE,01,294,CLASSE CE 1
SAINT LOUIS,FASS NGOM,MBAKHASS OUOLOF,01,115,CLASSE CM2
SAINT LOUIS,FASS NGOM,MBATHIASSE DIEYE,01,496,CLASSE CI
SAINT LOUIS,FASS NGOM,MBAYE MBAYE OUOLOF,01,232,ECOLE ELEMENTAIRE CI
SAINT LOUIS,FASS NGOM,MBAYE MBAYE SARR,01,534,CLASSE CE
SAINT LOUIS,FASS NGOM,MBIRANE GAYE PEULH,01,217,CLASSE CM2
SAINT LOUIS,FASS NGOM,MBOULOUCK,01,361,CLASSE CI
SAINT LOUIS,FASS NGOM,MBOYE,01,375,CLASSE CE 1
SAINT LOUIS,FASS NGOM,NDAKHAR PEULH 1,01,453,CLASSE CI
SAINT LOUIS,FASS NGOM,NDIOUMNANE,01,322,CLASSE CI
SAINT LOUIS,FASS NGOM,NDIOUSS DIEYE,01,339,CLASSE CE 2
SAINT LOUIS,FASS NGOM,TAKHMBEUTH OUOLOF,01,235,CLASSE CE 1
SAINT LOUIS,FASS NGOM,TEUD BITTI,01,403,CLASSE CP
SAINT LOUIS,GANDON,BOP THIOR,01,116,CLASSE CP
SAINT LOUIS,GANDON,BOUDIOUCK,01,478,ECOLE CLASSE CI
SAINT LOUIS,GANDON,BOUDIOUCK,02,156,ECOLE SALLE DE CLASSE
SAINT LOUIS,GANDON,DIOUGOB PEULH,01,504,CLASSE CI
SAINT LOUIS,GANDON,DIOUGOB PEULH,02,508,CLASSE CE1
SAINT LOUIS,GANDON,DIOUGOB PEULH,03,382,SALLE DE CLASSE
SAINT LOUIS,GANDON,GANDON,01,513,CLASSE CE1
SAINT LOUIS,GANDON,GANDON,02,512,CLASSE CM1
SAINT LOUIS,GANDON,GANDON,03,517,SALLE DE CLASSE
SAINT LOUIS,GANDON,LAMPSAR,01,497,CLASSE CE2
SAINT LOUIS,GANDON,LAMPSAR,02,498,CLASSE CM1
SAINT LOUIS,GANDON,LEYBAR,01,329,CLASSE CI
SAINT LOUIS,GANDON,MAKA TOUBE,01,501,CLASSE CP
SAINT LOUIS,GANDON,MAKA TOUBE,02,500,CLASSE CE1
SAINT LOUIS,GANDON,MAKHANA,01,297,CLASSE CM2
SAINT LOUIS,GANDON,MAKHANA,02,301,SALLE DE CLASSE
SAINT LOUIS,GANDON,MBARIGO,01,387,CLASSE CP
SAINT LOUIS,GANDON,MBARIGO,02,391,ECOLE BARIGOT CM1
SAINT LOUIS,GANDON,MERINA SALL,01,432,CLASSE CI
SAINT LOUIS,GANDON,MINGUEGNE BOYE,01,332,CLASSE CP
SAINT LOUIS,GANDON,MINGUEGNE BOYE,02,325,CLASSE CE1
SAINT LOUIS,GANDON,NDIAKHERE,01,377,CLASSE CI
SAINT LOUIS,GANDON,NDIAKHERE,02,375,ECOLE CLASSE CE1
SAINT LOUIS,GANDON,NDIAKHIP 2,01,410,CLASSE CP
SAINT LOUIS,GANDON,NDIAOUSSIR LEBOU,01,401,CLASSE CE1
SAINT LOUIS,GANDON,NDIAWDOUNE,01,432,CLASSE CE2
SAINT LOUIS,GANDON,NDIAWDOUNE,02,430,CLASSE CI
SAINT LOUIS,GANDON,NDIAWDOUNE,03,429,SALLE DE CLASSE
SAINT LOUIS,GANDON,NDIEBENE TOUBE OUOLOF,01,427,CLASSE CI
SAINT LOUIS,GANDON,NDIEBENE TOUBE OUOLOF,02,422,CLASSE CE1
SAINT LOUIS,GANDON,NDIEBENE TOUBE OUOLOF,03,421,CLASSE CM2
SAINT LOUIS,GANDON,NDIEBENE TOUBE PEULH,01,435,ECOLE CLASSE CM 1
SAINT LOUIS,GANDON,NGAYE,01,487,CLASSE CP
SAINT LOUIS,GANDON,NGAYE NGAYE,01,572,CLASSE CE1
SAINT LOUIS,GANDON,NGAYE NGAYE,02,571,CLASSE CP
SAINT LOUIS,GANDON,NGAYE NGAYE,03,570,CLASSE CE2
SAINT LOUIS,GANDON,NGUIGALAKH OUOLOF,01,381,CLASSE CE1
SAINT LOUIS,GANDON,NGUIGALAKH PEULH,01,408,CLASSE CP
SAINT LOUIS,GANDON,RAO,01,597,CLASSE CP
SAINT LOUIS,GANDON,RAO,02,597,CLASSE CE2
SAINT LOUIS,GANDON,RAO,03,592,CLASSE CM1
SAINT LOUIS,GANDON,RAO,04,596,CLASSE CI
SAINT LOUIS,GANDON,RAO,05,210,CLASSE CM2
SAINT LOUIS,GANDON,RAO PEULH,01,531,CLASSE CE1
SAINT LOUIS,GANDON,RAO PEULH,02,529,CLASSE CM1
SAINT LOUIS,GANDON,SANAR,01,304,CLASSE CI
SAINT LOUIS,GANDON,SANAR,02,305,CLASSE CP
SAINT LOUIS,GANDON,SANAR,03,304,CLASSE CE1
SAINT LOUIS,GANDON,THILLA,01,380,ECOLE ELEMENTAIRE CI
SAINT LOUIS,GANDON,TOUBA GUENE,01,499,ECOLE ELEMENTAIRE CE1
SAINT LOUIS,GANDON,YAMANE SOGUE,01,384,ECOLE ELEMENTAIRE CE2
SAINT LOUIS,NDIEBENE GANDIOLE,DEGOU NIAYE,01,433,ECOLE ELEMENTAIRE CE2
SAINT LOUIS,NDIEBENE GANDIOLE,DIELE MBAME,01,404,CLASSE CE2
SAINT LOUIS,NDIEBENE GANDIOLE,DOUNE BABA DIEYE,01,96,ECOLE DIELE MBAME CM 2
SAINT LOUIS,NDIEBENE GANDIOLE,ECOLE NDIOL GANDIOL,01,112,CLASSE CM2
SAINT LOUIS,NDIEBENE GANDIOLE,GANTOUR,01,476,CLASSE CP
SAINT LOUIS,NDIEBENE GANDIOLE,KEUR BARKA,01,432,CLASSE CI
SAINT LOUIS,NDIEBENE GANDIOLE,LA BARRE,01,538,ECOLE CLASSE CE 2 B
SAINT LOUIS,NDIEBENE GANDIOLE,LA BARRE,02,184,ECOLE SALLE DE CLASSE
SAINT LOUIS,NDIEBENE GANDIOLE,LAHRAR 2,01,388,CLASSE CE1
SAINT LOUIS,NDIEBENE GANDIOLE,MBOUMBAYE,01,367,CLASSE CE2
SAINT LOUIS,NDIEBENE GANDIOLE,MBOUMBAYE,02,366,CLASSE CI
SAINT LOUIS,NDIEBENE GANDIOLE,MOUIT,01,414,CLASSE CM1
SAINT LOUIS,NDIEBENE GANDIOLE,MOUIT,02,411,CLASSE CM2
SAINT LOUIS,NDIEBENE GANDIOLE,NDIEBENE GANDIOL,01,550,ECOLE NDIEBENE.G. CE1
SAINT LOUIS,NDIEBENE GANDIOLE,NDIEBENE GANDIOL,02,550,ECOLE NDIEBENE.G.CI
SAINT LOUIS,NDIEBENE GANDIOLE,NDIEBENE GANDIOL,03,546,ECOLE NDIEBENE.G.CM2
SAINT LOUIS,NDIEBENE GANDIOLE,NDIEBENE GANDIOL,04,549,ECOLE NDIEBENE.G.CM1B
SAINT LOUIS,NDIEBENE GANDIOLE,PELOUR 1,01,332,ECOLE ELEMENTAIRE CI
SAINT LOUIS,NDIEBENE GANDIOLE,RICOTT,01,394,CLASSE CI
SAINT LOUIS,NDIEBENE GANDIOLE,RICOTT,02,394,CLASSE CE1
SAINT LOUIS,NDIEBENE GANDIOLE,TASSINERE,01,331,CLASSE CM1
SAINT LOUIS,NDIEBENE GANDIOLE,TASSINERE,02,332,CLASSE CM2
SAINT LOUIS,NDIEBENE GANDIOLE,TASSINERE,03,329,CLASSE CE2
